customer_id,fraud_timestamp,amount,fraud_type,previous_transactions,fraud_probability,actual_label
CUST0000069,2025-02-17 05:06:37+00:00,2.18,card_testing,5,0.9980641007423401,1
CUST0000186,2025-10-14 11:58:39+00:00,1.72,card_testing,9,0.9990288019180298,1
CUST0000316,2025-04-29 01:07:57+00:00,1.34,card_testing,6,0.9982105493545532,1
CUST0000374,2025-07-07 05:08:54+00:00,24.37,geo_anomaly,8,0.29418236017227173,1
CUST0000539,2025-08-17 14:22:32+00:00,1.66,card_testing,9,0.9953785538673401,1
CUST0000951,2025-08-03 17:30:53+00:00,2.28,card_testing,7,0.9988871812820435,1
CUST0000970,2025-06-28 06:12:13+00:00,1.67,card_testing,5,0.9990161657333374,1
CUST0000997,2025-02-03 21:11:21+00:00,1.31,card_testing,2,0.9978454113006592,1
CUST0001008,2025-05-21 11:58:09+00:00,67.7,geo_anomaly,6,0.3013148903846741,1
CUST0001237,2025-02-27 06:14:47+00:00,1.47,card_testing,3,0.9962926506996155,1
CUST0001437,2025-05-06 20:50:14+00:00,4.16,geo_anomaly,6,0.2874652147293091,1
CUST0001447,2025-10-10 16:29:29+00:00,1.44,card_testing,11,0.9971123337745667,1
CUST0001488,2025-03-04 02:41:20+00:00,14.03,geo_anomaly,4,0.30556631088256836,1
CUST0001682,2025-01-16 06:41:06+00:00,7.42,geo_anomaly,1,0.35654112696647644,1
CUST0001920,2025-09-27 02:16:48+00:00,9.83,geo_anomaly,6,0.2942295968532562,1
CUST0001939,2025-10-29 12:41:04+00:00,1.02,card_testing,9,0.9989852905273438,1
CUST0002030,2025-04-24 08:38:58+00:00,72.11,geo_anomaly,4,0.29375922679901123,1
CUST0002080,2025-03-26 03:11:04+00:00,2.45,card_testing,4,0.9756356477737427,1
CUST0002132,2025-08-30 23:58:10+00:00,1.18,card_testing,10,0.9990566372871399,1
CUST0002325,2025-07-07 05:30:44+00:00,2.44,card_testing,8,0.9989377856254578,1
CUST0002391,2025-07-13 00:54:09+00:00,2.07,card_testing,5,0.9957360625267029,1
CUST0002408,2025-05-22 04:19:19+00:00,1.3,card_testing,5,0.9987096786499023,1
CUST0002701,2025-03-15 09:55:19+00:00,10.85,geo_anomaly,6,0.2940048277378082,1
CUST0002798,2025-07-02 11:22:13+00:00,2.37,card_testing,6,0.9990376830101013,1
CUST0002951,2024-12-29 22:39:53+00:00,17.39,geo_anomaly,3,0.31691718101501465,1
CUST0002986,2025-09-22 18:55:48+00:00,41.01,geo_anomaly,10,0.2917827069759369,1
CUST0003003,2025-04-07 10:35:39+00:00,1.68,card_testing,2,0.9990167021751404,1
CUST0003044,2025-07-15 22:35:24+00:00,16.55,geo_anomaly,9,0.3101995885372162,1
CUST0003136,2025-04-27 16:46:49+00:00,35.81,geo_anomaly,6,0.3088862895965576,1
CUST0003173,2025-06-02 19:37:10+00:00,1.65,card_testing,6,0.9990448355674744,1
CUST0003225,2025-08-03 05:34:02+00:00,2.29,card_testing,7,0.9989079236984253,1
CUST0003394,2024-12-01 08:02:41+00:00,1.44,card_testing,1,0.9728033542633057,1
CUST0003429,2025-01-11 03:38:56+00:00,22.86,geo_anomaly,2,0.36575403809547424,1
CUST0003534,2025-03-11 06:28:16+00:00,1.47,card_testing,3,0.5334065556526184,1
CUST0003541,2025-09-11 13:17:50+00:00,2.0,card_testing,10,0.999043881893158,1
CUST0003584,2025-02-03 14:32:12+00:00,1.15,card_testing,5,0.9938327670097351,1
CUST0003725,2025-09-23 22:00:10+00:00,1.4,card_testing,7,0.9990541934967041,1
CUST0003908,2025-05-31 02:38:36+00:00,11.25,geo_anomaly,4,0.2994679808616638,1
CUST0003910,2025-02-20 06:21:51+00:00,1.73,card_testing,1,0.9979222416877747,1
CUST0003949,2025-08-10 00:21:21+00:00,37.54,money_laundering_ring,4,0.7889257669448853,1
CUST0003961,2025-08-05 01:27:03+00:00,34.07,geo_anomaly,7,0.29588115215301514,1
CUST0004352,2025-04-01 09:53:41+00:00,10.51,geo_anomaly,2,0.2998848259449005,1
CUST0004384,2025-04-18 14:15:44+00:00,172.33,geo_anomaly,5,0.3025931715965271,1
CUST0004384,2025-06-25 21:07:54+00:00,1.72,card_testing,9,0.9990518093109131,1
CUST0004510,2025-08-17 08:53:49+00:00,1.96,card_testing,8,0.9990367293357849,1
CUST0004550,2025-08-20 05:14:44+00:00,17.9,geo_anomaly,5,0.3010803163051605,1
CUST0004713,2025-06-04 23:12:34+00:00,1.0,card_testing,10,0.9987459778785706,1
CUST0004790,2025-07-05 19:04:47+00:00,2.58,card_testing,6,0.9988542199134827,1
CUST0004873,2025-04-08 01:40:48+00:00,2.24,card_testing,7,0.9989442825317383,1
CUST0005075,2025-08-12 02:05:32+00:00,22.46,geo_anomaly,9,0.2870595455169678,1
CUST0005380,2025-10-29 09:13:20+00:00,1.49,card_testing,13,0.9990532994270325,1
CUST0005443,2025-08-14 19:15:58+00:00,1.28,card_testing,15,0.9990407824516296,1
CUST0005579,2025-05-31 02:09:55+00:00,3.08,card_testing,6,0.9883682131767273,1
CUST0005911,2025-05-03 08:08:41+00:00,1.71,card_testing,5,0.9985436797142029,1
CUST0006072,2025-10-15 12:13:35+00:00,1.4,card_testing,9,0.9990519285202026,1
CUST0006100,2025-09-04 03:20:27+00:00,1.77,card_testing,9,0.9990593791007996,1
CUST0006157,2025-04-18 09:35:12+00:00,23.13,money_laundering_ring,3,0.31230059266090393,1
CUST0006178,2025-07-17 23:29:29+00:00,20.19,geo_anomaly,5,0.3039555847644806,1
CUST0006196,2024-11-21 20:50:15+00:00,163.06,geo_anomaly,1,0.41100558638572693,1
CUST0006209,2025-03-08 14:16:19+00:00,4.91,geo_anomaly,3,0.30478519201278687,1
CUST0006311,2025-09-22 03:42:41+00:00,10.29,geo_anomaly,3,0.29473432898521423,1
CUST0006376,2025-06-15 07:34:47+00:00,1.95,card_testing,6,0.9990009069442749,1
CUST0006399,2025-10-05 18:25:20+00:00,1.68,card_testing,8,0.9990096092224121,1
CUST0006643,2024-12-02 23:02:22+00:00,5.82,geo_anomaly,1,0.4226641356945038,1
CUST0006679,2024-12-28 05:16:16+00:00,22.31,account_takeover,2,0.3670942187309265,1
CUST0006679,2024-12-28 12:09:42+00:00,32.99,account_takeover,3,0.5455614328384399,1
CUST0006679,2025-01-20 23:20:33+00:00,26.2,account_takeover,4,0.9711459279060364,1
CUST0006679,2025-06-30 00:11:38+00:00,28.31,account_takeover,11,0.999045193195343,1
CUST0006679,2025-10-10 19:03:39+00:00,51.42,account_takeover,14,0.9984297752380371,1
CUST0006693,2025-10-29 14:43:11+00:00,1.0,card_testing,10,0.9983813166618347,1
CUST0006696,2025-06-06 05:58:18+00:00,40.17,geo_anomaly,10,0.2885303199291229,1
CUST0006835,2025-10-09 20:39:18+00:00,2.15,card_testing,12,0.9986754655838013,1
CUST0006908,2025-10-10 12:50:18+00:00,1.8,card_testing,8,0.9990373849868774,1
CUST0007039,2025-06-27 09:29:38+00:00,1.49,card_testing,10,0.9721959829330444,1
CUST0007063,2025-03-14 09:53:20+00:00,94.87,geo_anomaly,4,0.303825706243515,1
CUST0007140,2025-03-24 19:59:56+00:00,3.59,geo_anomaly,2,0.2985672354698181,1
CUST0007150,2025-09-09 01:20:27+00:00,111.98,geo_anomaly,13,0.2829557955265045,1
CUST0007286,2025-06-12 02:26:35+00:00,1.84,card_testing,8,0.9983705282211304,1
CUST0007314,2025-06-29 05:40:17+00:00,81.12,geo_anomaly,6,0.2985886037349701,1
CUST0007427,2025-07-18 03:42:33+00:00,1.25,card_testing,9,0.9979016184806824,1
CUST0007485,2025-08-12 12:57:34+00:00,48.17,money_laundering_ring,8,0.3120471239089966,1
CUST0007588,2025-02-15 18:38:25+00:00,1.04,card_testing,8,0.996516227722168,1
CUST0007618,2025-05-25 05:41:17+00:00,2.09,card_testing,7,0.9988915324211121,1
CUST0007620,2025-03-09 19:22:45+00:00,1.28,card_testing,3,0.9985119104385376,1
CUST0007731,2025-06-20 14:42:00+00:00,1.79,card_testing,8,0.9990121126174927,1
CUST0007732,2025-01-30 17:20:27+00:00,1.42,card_testing,6,0.9291398525238037,1
CUST0007773,2025-10-30 11:08:23+00:00,15.52,geo_anomaly,6,0.2951816916465759,1
CUST0007785,2025-07-10 18:29:49+00:00,14.11,account_takeover,7,0.9943219423294067,1
CUST0007785,2025-07-10 23:24:05+00:00,30.74,account_takeover,8,0.9927492141723633,1
CUST0008131,2025-03-25 10:33:36+00:00,16.56,geo_anomaly,3,0.3034283518791199,1
CUST0008183,2025-02-21 15:17:05+00:00,1.47,card_testing,5,0.998389720916748,1
CUST0008201,2025-03-07 03:26:42+00:00,15.45,geo_anomaly,7,0.3031642735004425,1
CUST0008229,2025-02-14 07:56:59+00:00,34.75,geo_anomaly,2,0.30392202734947205,1
CUST0008246,2025-04-11 03:40:07+00:00,1.69,card_testing,5,0.997688353061676,1
CUST0008289,2025-02-03 16:04:19+00:00,14.08,money_laundering_ring,4,0.9925835728645325,1
CUST0008451,2025-02-26 16:02:40+00:00,29.81,geo_anomaly,2,0.30176839232444763,1
CUST0008519,2025-05-10 00:33:59+00:00,1.15,card_testing,6,0.999052107334137,1
CUST0008563,2025-02-26 18:31:36+00:00,2.08,card_testing,2,0.9990112781524658,1
CUST0008598,2025-06-24 09:39:12+00:00,1.8,card_testing,1,0.9990091919898987,1
CUST0008636,2025-04-20 15:42:20+00:00,2.47,card_testing,5,0.9984408020973206,1
CUST0008721,2024-12-08 06:34:20+00:00,57.67,account_takeover,2,0.46100446581840515,1
CUST0008721,2025-03-01 19:19:58+00:00,41.35,account_takeover,8,0.9943962097167969,1
CUST0008721,2025-04-09 23:49:22+00:00,102.41,account_takeover,15,0.9982165098190308,1
CUST0008721,2025-04-27 21:41:25+00:00,108.26,account_takeover,16,0.9985324740409851,1
CUST0008721,2025-05-15 22:09:13+00:00,83.18,account_takeover,18,0.999022901058197,1
CUST0008721,2025-07-30 02:04:45+00:00,36.12,account_takeover,21,0.9990110397338867,1
CUST0008805,2025-09-08 16:10:24+00:00,2.27,card_testing,10,0.9988828301429749,1
CUST0008942,2025-08-04 05:09:22+00:00,1.27,card_testing,3,0.9990300536155701,1
CUST0009328,2025-07-09 19:36:53+00:00,3.05,card_testing,11,0.9990145564079285,1
CUST0009366,2024-12-21 03:01:40+00:00,2.3,card_testing,2,0.9903650283813477,1
CUST0009387,2024-12-15 18:24:13+00:00,2.33,card_testing,1,0.9976035952568054,1
CUST0009403,2025-09-14 05:48:01+00:00,14.33,geo_anomaly,8,0.3014075756072998,1
CUST0009494,2025-09-08 02:19:07+00:00,2.63,card_testing,12,0.9984584450721741,1
CUST0009545,2025-05-14 05:19:07+00:00,6.08,geo_anomaly,4,0.29361119866371155,1
CUST0009547,2025-04-09 22:37:31+00:00,1.95,card_testing,1,0.9990176558494568,1
CUST0009712,2025-09-01 17:21:30+00:00,1.87,card_testing,7,0.9990427494049072,1
CUST0009853,2025-05-02 05:39:40+00:00,1.9,card_testing,5,0.9990466833114624,1
CUST0009958,2025-04-06 22:31:34+00:00,30.06,money_laundering_ring,2,0.3877432346343994,1
CUST0010033,2024-11-05 19:47:36+00:00,13.87,account_takeover,1,0.36438658833503723,1
CUST0010033,2024-12-21 11:57:17+00:00,10.57,account_takeover,7,0.9957667589187622,1
CUST0010033,2024-12-28 12:06:38+00:00,11.03,account_takeover,8,0.996545135974884,1
CUST0010033,2025-07-07 17:18:21+00:00,11.45,account_takeover,16,0.9989562034606934,1
CUST0010033,2025-09-07 21:03:58+00:00,20.97,account_takeover,18,0.9990149736404419,1
CUST0010081,2025-08-31 08:37:43+00:00,45.02,geo_anomaly,11,0.2887456715106964,1
CUST0010083,2025-01-21 06:55:02+00:00,1.74,card_testing,5,0.9924229383468628,1
CUST0010119,2025-08-06 21:47:20+00:00,2.5,card_testing,3,0.9978422522544861,1
CUST0010274,2025-01-30 03:38:30+00:00,2.46,card_testing,4,0.9985926151275635,1
CUST0010288,2025-03-30 12:32:00+00:00,2.78,card_testing,4,0.9160016179084778,1
CUST0010433,2025-04-01 16:53:35+00:00,1.53,card_testing,4,0.9988594651222229,1
CUST0010451,2025-05-15 16:24:04+00:00,13.84,money_laundering_ring,5,0.3087560832500458,1
CUST0010472,2025-10-25 18:46:34+00:00,27.12,geo_anomaly,10,0.2954171299934387,1
CUST0010772,2024-12-29 13:46:13+00:00,11.24,account_takeover,3,0.7464135885238647,1
CUST0010772,2025-01-18 22:03:40+00:00,22.24,account_takeover,4,0.9746180772781372,1
CUST0010772,2025-01-27 00:17:57+00:00,34.04,account_takeover,5,0.9971697926521301,1
CUST0010772,2025-02-15 03:50:38+00:00,7.65,geo_anomaly,7,0.2817036807537079,1
CUST0010772,2025-02-24 09:31:30+00:00,6.69,account_takeover,8,0.9990335702896118,1
CUST0010772,2025-03-18 14:08:35+00:00,37.01,account_takeover,9,0.9990188479423523,1
CUST0010772,2025-09-17 02:57:48+00:00,12.76,account_takeover,16,0.9988951086997986,1
CUST0010774,2025-06-20 09:37:24+00:00,1.11,card_testing,11,0.9989466667175293,1
CUST0010775,2025-05-17 12:53:41+00:00,2.35,card_testing,1,0.997307538986206,1
CUST0010960,2025-02-15 05:56:32+00:00,2.14,card_testing,2,0.9989351630210876,1
CUST0011038,2024-12-21 02:36:20+00:00,3.18,card_testing,1,0.9933986067771912,1
CUST0011046,2025-02-18 22:21:12+00:00,1.45,card_testing,5,0.7772397398948669,1
CUST0011080,2025-05-04 12:45:15+00:00,1.34,card_testing,8,0.9984320998191833,1
CUST0011116,2024-12-26 23:44:48+00:00,1.94,card_testing,3,0.9353237748146057,1
CUST0011166,2025-03-22 01:52:31+00:00,1.44,card_testing,1,0.9989679455757141,1
CUST0011254,2025-10-18 04:10:06+00:00,5.11,geo_anomaly,11,0.2901079058647156,1
CUST0011484,2025-08-06 07:48:31+00:00,1.53,card_testing,12,0.9990495443344116,1
CUST0011487,2025-04-12 12:12:36+00:00,1.46,card_testing,3,0.9990062713623047,1
CUST0011597,2025-05-11 02:48:55+00:00,61.1,geo_anomaly,4,0.30391019582748413,1
CUST0011693,2024-12-21 02:16:05+00:00,262.81,account_takeover,2,0.5084441900253296,1
CUST0011693,2025-10-24 12:57:14+00:00,104.88,account_takeover,13,0.9967650175094604,1
CUST0011748,2025-05-04 01:48:50+00:00,1.2,card_testing,1,0.9990192651748657,1
CUST0011878,2025-06-08 05:11:20+00:00,1.85,card_testing,2,0.9990500807762146,1
CUST0011976,2025-07-16 20:52:44+00:00,1.5,card_testing,6,0.9990374445915222,1
CUST0012009,2025-09-04 23:57:02+00:00,1.12,card_testing,6,0.9990462064743042,1
CUST0012059,2025-07-11 15:18:13+00:00,38.72,geo_anomaly,10,0.29505741596221924,1
CUST0012095,2025-08-02 16:20:54+00:00,1.57,card_testing,15,0.9990577697753906,1
CUST0012316,2025-05-20 05:12:06+00:00,61.66,geo_anomaly,4,0.3026191294193268,1
CUST0012439,2025-07-25 17:01:38+00:00,2.6,card_testing,4,0.9990524649620056,1
CUST0012574,2025-08-26 00:55:11+00:00,3.93,card_testing,7,0.9990473985671997,1
CUST0012580,2025-09-09 09:28:17+00:00,25.62,geo_anomaly,6,0.2989322245121002,1
CUST0012716,2025-09-03 08:48:45+00:00,1.47,card_testing,7,0.9990338087081909,1
CUST0012733,2025-08-08 07:15:18+00:00,1.78,card_testing,8,0.9990537762641907,1
CUST0012769,2025-05-15 10:55:42+00:00,5.9,geo_anomaly,4,0.3348725438117981,1
CUST0012789,2025-06-30 19:24:57+00:00,4.34,card_testing,5,0.9990494847297668,1
CUST0012816,2025-09-16 03:06:44+00:00,30.38,geo_anomaly,11,0.29334959387779236,1
CUST0012863,2024-11-25 01:16:51+00:00,11.2,geo_anomaly,1,0.3140294849872589,1
CUST0012883,2024-11-22 11:55:07+00:00,2.82,card_testing,2,0.976651132106781,1
CUST0012952,2025-06-27 17:01:03+00:00,10.79,geo_anomaly,8,0.31855419278144836,1
CUST0012964,2025-06-11 00:03:40+00:00,94.06,account_takeover,4,0.35386714339256287,1
CUST0012964,2025-06-30 07:11:32+00:00,46.27,account_takeover,8,0.9899807572364807,1
CUST0012964,2025-07-21 12:42:42+00:00,11.95,account_takeover,9,0.9987688064575195,1
CUST0012964,2025-08-25 15:21:54+00:00,207.71,account_takeover,10,0.9952811002731323,1
CUST0012964,2025-10-22 23:18:57+00:00,207.09,account_takeover,13,0.9987735152244568,1
CUST0012991,2025-03-18 15:22:37+00:00,40.66,account_takeover,3,0.6924892663955688,1
CUST0012991,2025-06-08 13:21:56+00:00,72.07,account_takeover,6,0.9969797730445862,1
CUST0013316,2024-12-24 08:05:37+00:00,1.78,card_testing,2,0.997109055519104,1
CUST0013481,2025-07-18 04:36:28+00:00,1.64,card_testing,6,0.9989367723464966,1
CUST0013521,2025-08-22 20:05:35+00:00,1.57,card_testing,8,0.9989840984344482,1
CUST0013542,2025-08-27 01:20:25+00:00,39.95,geo_anomaly,3,0.2923424243927002,1
CUST0013623,2025-06-16 15:10:50+00:00,12.05,money_laundering_ring,6,0.2963896095752716,1
CUST0013951,2025-06-29 02:08:37+00:00,2.19,card_testing,9,0.9990552067756653,1
CUST0014111,2025-03-19 12:54:49+00:00,2.05,card_testing,2,0.9989616870880127,1
CUST0014221,2025-04-22 14:39:32+00:00,2.73,card_testing,3,0.9990451335906982,1
CUST0014230,2025-03-23 07:25:41+00:00,82.75,geo_anomaly,3,0.30052343010902405,1
CUST0014398,2024-12-12 05:55:32+00:00,1.81,card_testing,1,0.9611119031906128,1
CUST0014463,2025-09-26 22:13:09+00:00,11.54,geo_anomaly,3,0.33608824014663696,1
CUST0014501,2025-01-16 12:49:59+00:00,1.62,card_testing,2,0.9989469647407532,1
CUST0014518,2025-03-04 00:48:31+00:00,1.26,card_testing,4,0.9986480474472046,1
CUST0014574,2024-12-17 19:08:31+00:00,1.97,card_testing,3,0.9212176203727722,1
CUST0014829,2025-07-31 10:54:29+00:00,21.84,geo_anomaly,5,0.29904401302337646,1
CUST0014844,2025-06-06 22:34:37+00:00,37.57,money_laundering_ring,6,0.31321442127227783,1
CUST0014939,2025-04-10 01:59:15+00:00,58.9,geo_anomaly,3,0.3022395968437195,1
CUST0015062,2025-03-23 00:29:54+00:00,2.18,card_testing,3,0.9986147284507751,1
CUST0015180,2025-07-31 13:51:29+00:00,21.66,geo_anomaly,3,0.2963179051876068,1
CUST0015269,2025-09-03 04:15:37+00:00,2.66,geo_anomaly,12,0.28348618745803833,1
CUST0015300,2025-07-22 04:55:58+00:00,1.17,card_testing,4,0.9990472793579102,1
CUST0015321,2025-09-27 17:53:18+00:00,1.44,card_testing,11,0.999008297920227,1
CUST0015384,2024-12-29 00:09:40+00:00,50.33,geo_anomaly,2,0.3616439700126648,1
CUST0015420,2025-09-27 07:40:39+00:00,83.69,geo_anomaly,10,0.2862579822540283,1
CUST0015574,2025-05-19 10:35:02+00:00,1.84,card_testing,4,0.9989609122276306,1
CUST0015671,2025-10-15 00:46:54+00:00,1.94,card_testing,5,0.9990454316139221,1
CUST0015699,2025-09-29 20:59:31+00:00,2.68,card_testing,9,0.999038815498352,1
CUST0015714,2025-06-14 19:31:23+00:00,1.75,card_testing,4,0.9990041255950928,1
CUST0015756,2024-12-31 21:38:06+00:00,182.73,account_takeover,2,0.4122120440006256,1
CUST0015756,2025-03-25 06:39:47+00:00,187.04,account_takeover,7,0.996597170829773,1
CUST0015756,2025-06-01 17:00:24+00:00,103.37,account_takeover,10,0.9976643323898315,1
CUST0015782,2025-02-15 00:37:29+00:00,1.66,card_testing,2,0.9928730130195618,1
CUST0015891,2025-08-03 04:03:17+00:00,34.5,geo_anomaly,6,0.2944823205471039,1
CUST0015960,2025-04-08 01:41:38+00:00,1.24,card_testing,3,0.997962236404419,1
CUST0016087,2025-03-20 09:20:31+00:00,2.6,card_testing,3,0.9822176694869995,1
CUST0016172,2025-05-11 21:18:29+00:00,1.1,card_testing,5,0.9989355206489563,1
CUST0016239,2025-06-26 02:34:58+00:00,8.17,geo_anomaly,2,0.3325747549533844,1
CUST0016409,2025-09-16 08:48:36+00:00,1.72,card_testing,11,0.9990523457527161,1
CUST0016653,2025-01-12 22:19:35+00:00,2.11,card_testing,2,0.7079645991325378,1
CUST0016677,2025-09-01 15:40:48+00:00,16.82,geo_anomaly,3,0.29470014572143555,1
CUST0016756,2025-04-21 12:08:06+00:00,1.46,card_testing,3,0.9963862299919128,1
CUST0016767,2024-11-30 00:25:48+00:00,1.65,card_testing,1,0.7372960448265076,1
CUST0016801,2025-02-20 13:35:32+00:00,8.65,geo_anomaly,3,0.30223143100738525,1
CUST0016808,2025-03-14 11:49:01+00:00,1.43,card_testing,6,0.9675241112709045,1
CUST0016863,2025-07-09 13:25:41+00:00,2.13,card_testing,4,0.9990302920341492,1
CUST0016911,2025-06-30 13:27:39+00:00,1.78,card_testing,14,0.9989655017852783,1
CUST0016972,2025-06-11 00:23:32+00:00,2.01,card_testing,7,0.9987144470214844,1
CUST0017068,2025-07-05 17:43:52+00:00,16.53,money_laundering_ring,3,0.998559296131134,1
CUST0017094,2025-05-20 02:50:54+00:00,1.63,card_testing,7,0.9922838807106018,1
CUST0017114,2025-03-30 23:16:54+00:00,2.4,card_testing,5,0.988690197467804,1
CUST0017345,2025-05-07 16:40:22+00:00,2.6,card_testing,6,0.9990123510360718,1
CUST0017511,2025-04-28 07:42:53+00:00,1.04,card_testing,7,0.9981275200843811,1
CUST0017581,2025-02-02 01:28:15+00:00,18.74,account_takeover,3,0.9442651271820068,1
CUST0017581,2025-07-05 08:46:59+00:00,18.33,account_takeover,8,0.9987112879753113,1
CUST0017581,2025-08-05 14:59:49+00:00,14.19,account_takeover,9,0.9989848732948303,1
CUST0017581,2025-08-16 07:04:47+00:00,13.39,account_takeover,11,0.998826801776886,1
CUST0017820,2025-05-27 08:09:34+00:00,2.85,card_testing,9,0.9990140795707703,1
CUST0017839,2025-04-19 04:25:21+00:00,1.25,card_testing,3,0.9980964064598083,1
CUST0017971,2025-07-27 20:08:50+00:00,1.01,card_testing,8,0.9989216327667236,1
CUST0018491,2024-11-17 14:49:30+00:00,12.73,geo_anomaly,1,0.3299131989479065,1
CUST0018683,2025-05-09 07:19:11+00:00,1.46,card_testing,6,0.998582124710083,1
CUST0018705,2025-03-25 04:43:50+00:00,1.35,card_testing,2,0.9715281128883362,1
CUST0018828,2024-11-08 09:45:39+00:00,1.0,card_testing,1,0.8646045923233032,1
CUST0018911,2025-01-22 00:47:56+00:00,1.62,card_testing,1,0.9989752769470215,1
CUST0018911,2025-02-03 07:20:53+00:00,1.61,card_testing,5,0.9983833432197571,1
CUST0019023,2025-07-11 21:00:14+00:00,2.01,card_testing,7,0.9980299472808838,1
CUST0019031,2025-02-11 17:18:14+00:00,16.72,geo_anomaly,1,0.3050985038280487,1
CUST0019124,2025-03-24 16:21:45+00:00,181.2,geo_anomaly,6,0.3006095886230469,1
CUST0019125,2025-01-15 06:33:52+00:00,1.31,card_testing,2,0.9971359968185425,1
CUST0019153,2025-10-30 19:41:56+00:00,31.82,money_laundering_ring,10,0.31442826986312866,1
CUST0019162,2025-07-19 05:44:21+00:00,24.44,money_laundering_ring,6,0.42891380190849304,1
CUST0019210,2025-01-25 20:59:10+00:00,6.15,geo_anomaly,3,0.7978969216346741,1
CUST0019333,2025-07-16 07:06:56+00:00,2.67,card_testing,8,0.9990493059158325,1
CUST0019493,2025-03-05 16:05:20+00:00,1.44,geo_anomaly,4,0.2988596558570862,1
CUST0019601,2025-06-18 04:39:02+00:00,1.0,card_testing,8,0.9990429282188416,1
CUST0019618,2025-05-18 17:14:16+00:00,17.66,money_laundering_ring,7,0.3085942566394806,1
CUST0019623,2024-12-02 16:44:05+00:00,1.39,card_testing,1,0.3907737135887146,1
CUST0019968,2025-08-06 19:40:48+00:00,33.63,geo_anomaly,5,0.30186569690704346,1
CUST0019970,2025-06-23 23:31:40+00:00,1.36,card_testing,5,0.9984471201896667,1
CUST0020292,2025-03-05 20:11:55+00:00,3.18,card_testing,1,0.9990275502204895,1
CUST0020301,2025-05-26 09:18:41+00:00,142.41,geo_anomaly,7,0.29009610414505005,1
CUST0020322,2025-08-14 02:56:42+00:00,2.14,card_testing,5,0.9989977478981018,1
CUST0020350,2024-12-16 09:12:30+00:00,2.11,card_testing,1,0.9983497858047485,1
CUST0020484,2025-05-28 03:44:21+00:00,1.22,card_testing,2,0.9990508556365967,1
CUST0020509,2025-05-04 07:59:41+00:00,1.8,card_testing,5,0.9989762902259827,1
CUST0020736,2025-05-25 20:41:23+00:00,2.14,card_testing,6,0.9743491411209106,1
CUST0020775,2025-08-02 19:41:39+00:00,2.12,card_testing,9,0.9989135265350342,1
CUST0020794,2025-07-07 01:28:42+00:00,50.18,geo_anomaly,8,0.29439881443977356,1
CUST0020911,2025-03-13 16:26:55+00:00,7.81,geo_anomaly,3,0.3049097955226898,1
CUST0021303,2025-04-13 17:30:48+00:00,1.59,card_testing,6,0.998890221118927,1
CUST0021311,2025-04-17 22:37:38+00:00,1.49,card_testing,3,0.9990333318710327,1
CUST0021361,2025-10-23 23:37:48+00:00,22.25,geo_anomaly,13,0.28639957308769226,1
CUST0021426,2025-10-27 05:30:36+00:00,1.96,card_testing,8,0.9990518689155579,1
CUST0021437,2025-07-12 00:13:00+00:00,1.21,card_testing,6,0.9990551471710205,1
CUST0021483,2025-06-03 11:08:56+00:00,7.03,geo_anomaly,7,0.29476290941238403,1
CUST0021521,2025-07-28 04:36:56+00:00,20.44,money_laundering_ring,9,0.3035632073879242,1
CUST0021530,2025-01-04 13:16:19+00:00,1.38,card_testing,3,0.9591920375823975,1
CUST0021591,2025-03-14 11:29:29+00:00,1.47,card_testing,6,0.9508645534515381,1
CUST0021621,2025-01-23 18:34:28+00:00,1.45,card_testing,3,0.9986963272094727,1
CUST0021677,2025-03-25 10:32:06+00:00,73.12,geo_anomaly,7,0.29926133155822754,1
CUST0021695,2025-07-02 08:08:10+00:00,2.46,card_testing,8,0.9990547299385071,1
CUST0021748,2025-03-24 16:42:00+00:00,52.74,money_laundering_ring,8,0.30075183510780334,1
CUST0021868,2025-07-11 19:50:17+00:00,1.53,card_testing,3,0.9990081191062927,1
CUST0021991,2025-10-28 02:10:38+00:00,128.07,geo_anomaly,9,0.2966170310974121,1
CUST0022044,2025-09-27 20:38:09+00:00,16.47,geo_anomaly,3,0.30266061425209045,1
CUST0022103,2025-02-12 15:17:16+00:00,2.15,card_testing,3,0.9946212768554688,1
CUST0022374,2025-06-20 21:20:26+00:00,5.42,money_laundering_ring,11,0.2870523929595947,1
CUST0022467,2025-01-09 14:02:47+00:00,16.38,geo_anomaly,2,0.5305670499801636,1
CUST0022592,2025-03-26 03:52:30+00:00,1.32,card_testing,7,0.9990456700325012,1
CUST0022666,2025-05-27 23:50:48+00:00,1.76,card_testing,6,0.9922239184379578,1
CUST0022875,2025-10-01 21:48:21+00:00,1.89,card_testing,8,0.9988353252410889,1
CUST0022876,2025-03-06 02:03:58+00:00,25.8,money_laundering_ring,2,0.9116424918174744,1
CUST0023072,2025-07-23 06:29:28+00:00,1.0,card_testing,7,0.9990476369857788,1
CUST0023137,2025-10-26 11:59:22+00:00,67.66,geo_anomaly,9,0.29299843311309814,1
CUST0023147,2025-10-02 19:23:23+00:00,1.49,card_testing,17,0.9983522891998291,1
CUST0023157,2025-01-08 08:21:35+00:00,1.25,card_testing,2,0.9928045272827148,1
CUST0023259,2025-07-03 09:18:42+00:00,28.37,geo_anomaly,7,0.2927435338497162,1
CUST0023272,2025-05-19 01:27:05+00:00,1.16,card_testing,4,0.998970627784729,1
CUST0023298,2025-08-24 21:24:27+00:00,19.46,money_laundering_ring,7,0.3186658024787903,1
CUST0023310,2025-08-28 09:24:43+00:00,2.56,card_testing,11,0.9990547895431519,1
CUST0023337,2025-07-12 22:46:57+00:00,8.65,account_takeover,6,0.8794974088668823,1
CUST0023337,2025-07-17 22:29:04+00:00,8.21,account_takeover,7,0.9939156770706177,1
CUST0023337,2025-09-17 22:13:54+00:00,47.6,account_takeover,10,0.994079053401947,1
CUST0023365,2024-12-16 07:52:32+00:00,1.95,card_testing,1,0.9889335632324219,1
CUST0023467,2025-02-11 18:22:39+00:00,24.33,geo_anomaly,4,0.30222007632255554,1
CUST0023469,2025-03-13 17:55:03+00:00,1.42,card_testing,3,0.9987176060676575,1
CUST0023480,2025-08-12 23:14:23+00:00,76.87,geo_anomaly,4,0.300204336643219,1
CUST0023640,2025-06-21 05:52:29+00:00,1.94,card_testing,7,0.9990477561950684,1
CUST0023679,2025-05-26 02:49:43+00:00,1.48,card_testing,6,0.9990332126617432,1
CUST0023724,2025-01-15 03:49:00+00:00,1.38,card_testing,1,0.9984756708145142,1
CUST0023735,2025-03-02 20:37:53+00:00,1.49,card_testing,3,0.9979581832885742,1
CUST0023832,2025-10-09 09:20:37+00:00,32.36,money_laundering_ring,8,0.35025960206985474,1
CUST0023846,2025-01-31 19:36:46+00:00,1.0,card_testing,2,0.9931758642196655,1
CUST0023862,2025-03-04 19:35:55+00:00,14.99,geo_anomaly,3,0.29928070306777954,1
CUST0023905,2025-01-26 19:40:47+00:00,1.66,card_testing,1,0.9950437545776367,1
CUST0023926,2024-12-15 11:36:28+00:00,70.86,geo_anomaly,1,0.3684372305870056,1
CUST0024017,2025-07-01 11:25:05+00:00,7.83,geo_anomaly,6,0.30153828859329224,1
CUST0024071,2025-04-26 04:20:46+00:00,70.99,account_takeover,6,0.5571320056915283,1
CUST0024071,2025-07-06 06:06:56+00:00,14.09,account_takeover,7,0.9981936812400818,1
CUST0024071,2025-07-07 11:32:24+00:00,22.97,account_takeover,8,0.9981157183647156,1
CUST0024071,2025-09-30 19:26:39+00:00,158.96,account_takeover,9,0.9957101941108704,1
CUST0024112,2024-12-21 11:13:04+00:00,1.4,card_testing,1,0.9797194004058838,1
CUST0024276,2025-10-17 13:24:34+00:00,2.22,card_testing,10,0.9988784193992615,1
CUST0024430,2024-12-03 16:23:35+00:00,1.51,card_testing,2,0.878585159778595,1
CUST0024459,2025-09-11 17:16:45+00:00,1.34,card_testing,10,0.9990038871765137,1
CUST0024629,2025-03-03 11:31:59+00:00,67.74,geo_anomaly,4,0.29980820417404175,1
CUST0024644,2025-10-19 17:52:02+00:00,9.75,money_laundering_ring,15,0.4922108054161072,1
CUST0024703,2025-08-31 11:06:32+00:00,1.2,card_testing,9,0.9990504384040833,1
CUST0024710,2025-06-20 08:14:30+00:00,1.98,card_testing,8,0.9989845156669617,1
CUST0024713,2025-04-06 14:14:40+00:00,1.52,card_testing,9,0.9982807040214539,1
CUST0024725,2025-01-26 07:07:52+00:00,82.85,geo_anomaly,2,0.3034425377845764,1
CUST0024760,2025-07-10 04:07:29+00:00,1.0,card_testing,7,0.9990422129631042,1
CUST0024820,2025-01-15 23:49:49+00:00,2.3,card_testing,2,0.9983043074607849,1
CUST0024938,2025-01-15 06:33:52+00:00,287.92,account_takeover,2,0.5498548746109009,1
CUST0024938,2025-04-02 13:34:05+00:00,55.4,account_takeover,4,0.9928505420684814,1
CUST0024938,2025-04-07 20:00:55+00:00,59.59,account_takeover,5,0.9983014464378357,1
CUST0025009,2025-09-16 03:01:26+00:00,2.11,card_testing,9,0.9990535974502563,1
CUST0025077,2025-09-07 16:56:02+00:00,5.38,geo_anomaly,9,0.2855907082557678,1
CUST0025114,2025-10-25 20:15:42+00:00,1.25,card_testing,7,0.9990569353103638,1
CUST0025135,2025-01-06 19:54:18+00:00,2.68,card_testing,2,0.9811155796051025,1
CUST0025323,2025-02-03 21:16:49+00:00,15.9,geo_anomaly,2,0.3812776505947113,1
CUST0025353,2025-08-23 18:27:11+00:00,1.16,card_testing,5,0.9989703297615051,1
CUST0025432,2024-11-08 17:13:41+00:00,23.86,geo_anomaly,2,0.32667484879493713,1
CUST0025481,2025-09-13 05:11:32+00:00,46.8,geo_anomaly,12,0.29996225237846375,1
CUST0025556,2025-03-10 09:25:55+00:00,6.89,geo_anomaly,2,0.2950132191181183,1
CUST0025578,2025-07-05 04:33:03+00:00,2.22,card_testing,5,0.9990503191947937,1
CUST0025625,2025-05-23 17:15:54+00:00,1.11,card_testing,6,0.9987868070602417,1
CUST0025674,2025-10-22 18:23:25+00:00,1.12,card_testing,8,0.9983073472976685,1
CUST0025840,2025-09-09 21:17:17+00:00,1.78,card_testing,6,0.999037504196167,1
CUST0025849,2025-01-13 16:03:18+00:00,2.76,card_testing,1,0.9924663305282593,1
CUST0026128,2025-09-23 04:32:41+00:00,1.67,card_testing,9,0.998993992805481,1
CUST0026180,2025-10-27 21:24:03+00:00,1.64,card_testing,10,0.9968600273132324,1
CUST0026213,2025-08-12 17:49:59+00:00,2.17,card_testing,4,0.9990078210830688,1
CUST0026316,2025-02-02 02:16:44+00:00,32.54,money_laundering_ring,3,0.3121398389339447,1
CUST0026329,2025-06-07 13:19:59+00:00,2.74,card_testing,4,0.9987168312072754,1
CUST0026541,2025-09-07 17:48:15+00:00,1.38,card_testing,6,0.9990545511245728,1
CUST0026581,2024-12-22 03:58:31+00:00,9.76,geo_anomaly,2,0.32245784997940063,1
CUST0026624,2024-12-17 22:30:38+00:00,2.09,card_testing,1,0.8894405364990234,1
CUST0026670,2025-03-29 15:43:30+00:00,1.58,card_testing,2,0.9989763498306274,1
CUST0026905,2025-06-28 00:46:15+00:00,11.41,geo_anomaly,8,0.2957875430583954,1
CUST0027298,2024-11-07 19:12:02+00:00,22.44,account_takeover,1,0.3887205719947815,1
CUST0027298,2024-11-13 03:21:03+00:00,25.42,account_takeover,2,0.6068135499954224,1
CUST0027298,2024-12-07 20:33:07+00:00,6.66,account_takeover,3,0.9907751679420471,1
CUST0027298,2025-02-22 14:39:28+00:00,15.73,account_takeover,6,0.9989928603172302,1
CUST0027298,2025-10-21 07:57:27+00:00,36.13,account_takeover,15,0.9979534149169922,1
CUST0027337,2025-09-05 00:56:08+00:00,18.51,geo_anomaly,5,0.29915329813957214,1
CUST0027385,2025-01-15 14:24:40+00:00,2.08,card_testing,4,0.9802441596984863,1
CUST0027525,2024-11-24 22:28:01+00:00,1.0,card_testing,1,0.9945681095123291,1
CUST0027850,2025-05-10 08:38:03+00:00,41.59,geo_anomaly,2,0.29917335510253906,1
CUST0027862,2025-03-12 04:58:13+00:00,135.72,account_takeover,3,0.5469988584518433,1
CUST0027862,2025-04-10 01:58:58+00:00,26.77,account_takeover,4,0.9925387501716614,1
CUST0027862,2025-04-22 04:04:07+00:00,5.16,account_takeover,6,0.9989903569221497,1
CUST0027862,2025-05-24 14:38:10+00:00,9.5,account_takeover,9,0.999043881893158,1
CUST0027862,2025-10-13 21:50:52+00:00,85.03,account_takeover,13,0.9981006383895874,1
CUST0028077,2025-09-05 22:04:28+00:00,2.72,card_testing,10,0.9984102845191956,1
CUST0028132,2025-09-27 11:52:05+00:00,1.93,card_testing,12,0.9990543723106384,1
CUST0028195,2025-06-05 00:38:19+00:00,2.31,card_testing,12,0.9990607500076294,1
CUST0028218,2025-03-16 14:29:18+00:00,1.0,geo_anomaly,7,0.3404042720794678,1
CUST0028225,2025-10-03 15:00:20+00:00,2.18,card_testing,9,0.9990553259849548,1
CUST0028232,2025-09-07 05:50:18+00:00,2.02,card_testing,5,0.9982525706291199,1
CUST0028548,2025-04-14 14:27:08+00:00,1.44,card_testing,3,0.9989883899688721,1
CUST0028591,2024-11-17 16:32:07+00:00,1.88,card_testing,1,0.8727774620056152,1
CUST0028727,2024-12-27 11:03:51+00:00,1.84,card_testing,1,0.5932644009590149,1
CUST0028745,2025-03-19 11:58:29+00:00,1.16,card_testing,2,0.9990129470825195,1
CUST0028772,2025-10-24 14:55:57+00:00,1.57,card_testing,12,0.9990518689155579,1
CUST0028874,2025-04-08 05:48:54+00:00,1.91,card_testing,3,0.998924195766449,1
CUST0029017,2024-12-26 09:59:43+00:00,48.69,geo_anomaly,2,0.31863901019096375,1
CUST0029017,2025-07-15 09:29:31+00:00,1.45,card_testing,9,0.9922608137130737,1
CUST0029061,2025-08-15 12:49:24+00:00,10.05,geo_anomaly,5,0.2980906665325165,1
CUST0029079,2025-01-20 22:35:43+00:00,28.75,geo_anomaly,4,0.3109053075313568,1
CUST0029136,2025-09-10 08:20:45+00:00,80.08,geo_anomaly,11,0.2933562397956848,1
CUST0029213,2025-01-10 17:57:03+00:00,36.72,geo_anomaly,2,0.31258144974708557,1
CUST0029237,2025-08-30 16:39:11+00:00,1.62,card_testing,14,0.9990526437759399,1
CUST0029366,2025-10-20 12:24:16+00:00,19.68,geo_anomaly,7,0.29203924536705017,1
CUST0029557,2025-04-13 04:48:25+00:00,1.61,card_testing,2,0.9988834261894226,1
CUST0029595,2024-11-29 05:48:15+00:00,26.63,geo_anomaly,2,0.31474316120147705,1
CUST0029608,2025-03-13 23:18:38+00:00,2.02,card_testing,3,0.9989557862281799,1
CUST0029691,2024-12-26 05:54:33+00:00,10.01,geo_anomaly,2,0.3040926158428192,1
CUST0029712,2024-12-24 19:16:49+00:00,1.28,card_testing,4,0.994976282119751,1
CUST0029715,2025-09-28 22:28:30+00:00,2.65,card_testing,16,0.9990521669387817,1
CUST0029784,2024-12-25 05:34:25+00:00,1.0,card_testing,2,0.9984891414642334,1
CUST0029809,2025-04-25 18:35:44+00:00,1.0,card_testing,6,0.9981591701507568,1
CUST0029916,2024-12-17 04:02:04+00:00,3.73,geo_anomaly,2,0.5154818296432495,1
CUST0030043,2025-08-02 14:24:40+00:00,1.48,card_testing,2,0.9990493059158325,1
CUST0030063,2025-03-30 01:07:35+00:00,42.59,geo_anomaly,5,0.3003300726413727,1
CUST0030159,2024-12-13 05:37:36+00:00,1.43,card_testing,2,0.8000552654266357,1
CUST0030193,2025-07-23 20:09:13+00:00,132.99,geo_anomaly,9,0.2988898456096649,1
CUST0030285,2025-10-19 11:23:17+00:00,1.12,card_testing,15,0.9989436268806458,1
CUST0030297,2025-08-15 10:29:23+00:00,1.1,card_testing,6,0.9990448355674744,1
CUST0030428,2025-02-22 05:22:13+00:00,32.25,geo_anomaly,3,0.30019158124923706,1
CUST0030558,2025-03-05 04:21:16+00:00,36.3,geo_anomaly,6,0.3018535077571869,1
CUST0030612,2025-04-08 21:38:09+00:00,2.73,card_testing,4,0.8604369163513184,1
CUST0030790,2025-09-21 21:14:52+00:00,2.39,card_testing,6,0.9990334510803223,1
CUST0030798,2025-10-03 01:20:55+00:00,1.3,card_testing,14,0.9990466237068176,1
CUST0030813,2025-01-25 11:15:41+00:00,41.6,money_laundering_ring,5,0.313447505235672,1
CUST0030853,2025-05-03 18:01:05+00:00,1.17,card_testing,5,0.9990411400794983,1
CUST0030921,2025-10-18 15:49:28+00:00,2.46,card_testing,9,0.9990543723106384,1
CUST0031033,2025-10-18 11:59:13+00:00,8.99,money_laundering_ring,10,0.32710960507392883,1
CUST0031052,2025-07-21 15:31:39+00:00,45.01,money_laundering_ring,9,0.30842098593711853,1
CUST0031138,2025-07-28 16:55:40+00:00,115.69,geo_anomaly,3,0.2995736598968506,1
CUST0031164,2025-04-04 15:06:50+00:00,1.91,card_testing,7,0.9987322688102722,1
CUST0031206,2025-01-13 18:15:25+00:00,1.53,card_testing,1,0.9972390532493591,1
CUST0031215,2025-10-05 05:38:55+00:00,11.11,geo_anomaly,8,0.29298871755599976,1
CUST0031223,2025-07-17 16:24:22+00:00,2.41,card_testing,7,0.9990554451942444,1
CUST0031324,2025-09-28 20:10:52+00:00,1.83,card_testing,6,0.9990424513816833,1
CUST0031377,2025-10-02 09:30:26+00:00,1.97,card_testing,20,0.9989721179008484,1
CUST0031420,2025-06-02 06:27:20+00:00,34.52,account_takeover,8,0.9988441467285156,1
CUST0031574,2025-08-02 16:07:58+00:00,4.14,geo_anomaly,10,0.2978266179561615,1
CUST0031636,2025-02-22 16:55:32+00:00,1.33,card_testing,3,0.9970742464065552,1
CUST0031788,2025-10-22 05:36:40+00:00,1.72,geo_anomaly,7,0.30764636397361755,1
CUST0032209,2024-11-15 02:54:19+00:00,14.84,geo_anomaly,2,0.4621257781982422,1
CUST0032345,2024-12-22 16:16:41+00:00,1.37,card_testing,3,0.9942753911018372,1
CUST0032501,2025-05-02 23:40:57+00:00,17.39,geo_anomaly,5,0.3049367070198059,1
CUST0032673,2025-03-24 03:34:39+00:00,1.96,card_testing,2,0.9990478754043579,1
CUST0032729,2025-05-07 18:38:34+00:00,1.15,card_testing,2,0.9990425109863281,1
CUST0032990,2025-08-08 02:00:41+00:00,1.63,card_testing,11,0.9981128573417664,1
CUST0033131,2024-12-28 08:29:58+00:00,39.39,account_takeover,1,0.35645389556884766,1
CUST0033131,2025-01-18 01:49:33+00:00,73.56,account_takeover,3,0.7434875965118408,1
CUST0033131,2025-02-08 11:46:54+00:00,105.3,account_takeover,6,0.9989157319068909,1
CUST0033131,2025-04-16 06:49:29+00:00,108.86,account_takeover,9,0.9990438222885132,1
CUST0033131,2025-10-22 19:41:47+00:00,30.19,account_takeover,16,0.9958659410476685,1
CUST0033160,2025-04-15 16:02:16+00:00,36.41,money_laundering_ring,2,0.31668660044670105,1
CUST0033232,2025-06-28 01:14:55+00:00,54.83,money_laundering_ring,7,0.30687493085861206,1
CUST0033301,2025-02-12 08:03:26+00:00,15.69,money_laundering_ring,3,0.3099589943885803,1
CUST0033303,2025-08-08 21:21:11+00:00,1.79,card_testing,4,0.9986580610275269,1
CUST0033324,2025-09-25 09:29:04+00:00,1.0,card_testing,10,0.999032199382782,1
CUST0033325,2025-10-18 00:46:40+00:00,1.46,card_testing,11,0.9990459084510803,1
CUST0033339,2025-02-28 16:32:51+00:00,1.0,card_testing,3,0.9976366758346558,1
CUST0033396,2025-01-01 19:16:04+00:00,12.46,geo_anomaly,1,0.3115752935409546,1
CUST0033412,2025-04-23 13:38:05+00:00,1.0,card_testing,4,0.9990456700325012,1
CUST0033555,2024-12-01 08:01:14+00:00,1.33,card_testing,1,0.9489277601242065,1
CUST0033591,2025-02-10 01:50:46+00:00,1.53,card_testing,2,0.9922260642051697,1
CUST0033643,2025-05-05 05:42:47+00:00,2.13,card_testing,5,0.9990141987800598,1
CUST0033721,2025-03-01 14:52:15+00:00,1.38,card_testing,4,0.9915190935134888,1
CUST0033734,2025-03-14 14:26:43+00:00,1.89,card_testing,1,0.9989533424377441,1
CUST0033736,2025-08-11 03:41:09+00:00,2.64,card_testing,13,0.9990218877792358,1
CUST0033757,2025-06-04 12:22:29+00:00,1.69,geo_anomaly,4,0.2938794791698456,1
CUST0033914,2025-06-08 16:19:42+00:00,10.73,geo_anomaly,7,0.29352009296417236,1
CUST0034142,2025-10-04 19:07:42+00:00,2.7,card_testing,10,0.9990529417991638,1
CUST0034450,2025-03-20 12:37:28+00:00,1.39,card_testing,5,0.992718517780304,1
CUST0034519,2024-11-26 05:00:39+00:00,38.84,geo_anomaly,1,0.3558195233345032,1
CUST0034572,2025-01-28 10:05:21+00:00,1.11,card_testing,2,0.978597104549408,1
CUST0034718,2025-04-03 09:07:14+00:00,1.02,card_testing,6,0.9989691376686096,1
CUST0035101,2025-03-21 06:15:32+00:00,2.89,card_testing,2,0.9980936050415039,1
CUST0035232,2025-04-02 21:40:36+00:00,1.0,card_testing,8,0.9989010095596313,1
CUST0035322,2025-07-02 12:26:29+00:00,1.71,card_testing,6,0.9989373087882996,1
CUST0035340,2025-03-24 05:08:30+00:00,1.66,card_testing,5,0.9887102842330933,1
CUST0035351,2025-03-07 06:39:03+00:00,1.83,card_testing,4,0.9986695647239685,1
CUST0035357,2025-04-10 10:26:31+00:00,1.22,card_testing,3,0.9990509152412415,1
CUST0035407,2025-03-05 13:45:47+00:00,28.0,geo_anomaly,2,0.34464332461357117,1
CUST0035415,2025-09-08 08:10:24+00:00,1.0,card_testing,6,0.9990191459655762,1
CUST0035422,2025-03-10 20:12:34+00:00,1.58,card_testing,3,0.9937807321548462,1
CUST0035443,2025-01-01 20:36:37+00:00,13.39,geo_anomaly,1,0.3186999559402466,1
CUST0035477,2025-03-10 13:01:27+00:00,1.33,card_testing,2,0.9005131721496582,1
CUST0035527,2024-12-08 13:13:22+00:00,35.72,account_takeover,2,0.4834880530834198,1
CUST0035527,2025-05-31 12:12:57+00:00,73.37,account_takeover,8,0.9988180994987488,1
CUST0035527,2025-06-02 21:12:00+00:00,77.23,account_takeover,9,0.9988816380500793,1
CUST0035527,2025-08-15 17:58:32+00:00,100.02,account_takeover,11,0.9984016418457031,1
CUST0035527,2025-10-16 13:12:42+00:00,65.53,account_takeover,13,0.9980934262275696,1
CUST0035612,2025-05-30 13:31:52+00:00,1.19,card_testing,6,0.9958290457725525,1
CUST0035640,2025-03-20 18:35:36+00:00,1.17,card_testing,6,0.9963350892066956,1
CUST0035813,2025-01-09 03:35:13+00:00,2.14,card_testing,1,0.9987899661064148,1
CUST0035822,2024-12-21 06:37:34+00:00,1.56,card_testing,2,0.9969744682312012,1
CUST0035933,2025-06-15 12:27:45+00:00,25.12,money_laundering_ring,4,0.9249011874198914,1
CUST0035946,2025-02-21 01:12:46+00:00,1.57,card_testing,2,0.9983199238777161,1
CUST0036078,2025-10-25 15:32:59+00:00,41.68,geo_anomaly,9,0.2892836630344391,1
CUST0036146,2025-05-27 16:59:53+00:00,1.51,card_testing,6,0.9989416003227234,1
CUST0036265,2025-02-19 15:22:29+00:00,4.58,geo_anomaly,1,0.30212610960006714,1
CUST0036290,2025-10-09 17:33:11+00:00,1.7,card_testing,8,0.9989320039749146,1
CUST0036350,2025-06-19 09:12:46+00:00,1.24,card_testing,6,0.9989407658576965,1
CUST0036431,2025-03-07 19:26:14+00:00,1.94,card_testing,4,0.9988263249397278,1
CUST0036444,2025-03-27 18:37:01+00:00,126.25,account_takeover,6,0.9568393230438232,1
CUST0036444,2025-05-10 16:24:01+00:00,18.02,account_takeover,8,0.9966620802879333,1
CUST0036444,2025-09-15 05:15:42+00:00,24.73,account_takeover,9,0.9984073042869568,1
CUST0036444,2025-09-19 16:52:48+00:00,78.54,account_takeover,10,0.9981083869934082,1
CUST0036444,2025-09-30 10:21:50+00:00,93.25,account_takeover,11,0.9972927570343018,1
CUST0036470,2025-07-20 11:50:39+00:00,1.61,card_testing,6,0.9990549683570862,1
CUST0036546,2024-12-29 13:29:26+00:00,1.92,card_testing,1,0.9912326335906982,1
CUST0036557,2025-05-24 12:56:08+00:00,15.49,money_laundering_ring,3,0.9985738396644592,1
CUST0036594,2025-02-14 07:32:11+00:00,1.29,card_testing,5,0.9989340305328369,1
CUST0036666,2025-02-25 13:22:13+00:00,7.35,geo_anomaly,5,0.3052874505519867,1
CUST0036884,2025-06-13 13:59:04+00:00,41.76,geo_anomaly,5,0.29938340187072754,1
CUST0037210,2024-12-07 15:20:37+00:00,20.34,geo_anomaly,2,0.31641140580177307,1
CUST0037433,2025-02-09 00:39:33+00:00,76.35,geo_anomaly,4,0.3045438826084137,1
CUST0037622,2025-06-15 14:36:52+00:00,21.19,geo_anomaly,4,0.2998914420604706,1
CUST0037796,2025-08-06 04:27:48+00:00,1.92,card_testing,9,0.9989535212516785,1
CUST0037860,2025-05-14 10:17:37+00:00,1.03,card_testing,7,0.9989643096923828,1
CUST0037961,2025-05-24 16:36:32+00:00,2.47,card_testing,7,0.9990484118461609,1
CUST0038046,2025-08-22 22:40:47+00:00,10.38,money_laundering_ring,10,0.29776856303215027,1
CUST0038075,2025-03-05 14:17:02+00:00,28.69,geo_anomaly,3,0.30292919278144836,1
CUST0038077,2025-04-23 06:58:00+00:00,1.65,card_testing,6,0.9989175200462341,1
CUST0038109,2025-10-20 16:30:48+00:00,1.09,card_testing,13,0.9989413022994995,1
CUST0038458,2025-09-09 20:16:48+00:00,12.38,geo_anomaly,7,0.29425790905952454,1
CUST0038538,2024-11-22 03:02:34+00:00,230.45,account_takeover,2,0.9086054563522339,1
CUST0038538,2024-12-16 11:52:23+00:00,230.83,account_takeover,3,0.9772303700447083,1
CUST0038538,2024-12-23 17:17:08+00:00,49.19,account_takeover,5,0.9985097050666809,1
CUST0038538,2025-02-27 12:35:15+00:00,741.55,account_takeover,6,0.9985476136207581,1
CUST0038538,2025-03-01 18:25:19+00:00,919.19,account_takeover,7,0.9986017346382141,1
CUST0038538,2025-05-31 07:00:19+00:00,457.81,account_takeover,12,0.9989122748374939,1
CUST0038636,2024-12-31 21:25:35+00:00,1.81,card_testing,2,0.9764796495437622,1
CUST0038692,2025-04-22 09:24:49+00:00,2.4,card_testing,5,0.9989318251609802,1
CUST0038698,2024-12-24 23:04:37+00:00,1.96,card_testing,1,0.754382848739624,1
CUST0038698,2025-07-22 05:22:16+00:00,1.32,card_testing,10,0.9990520477294922,1
CUST0038722,2025-05-19 00:16:26+00:00,12.01,geo_anomaly,4,0.3079034388065338,1
CUST0038751,2024-12-05 11:27:48+00:00,2.23,card_testing,2,0.9320451617240906,1
CUST0038828,2025-05-23 20:53:47+00:00,12.87,geo_anomaly,4,0.31733909249305725,1
CUST0038846,2025-02-08 14:08:25+00:00,1.09,card_testing,2,0.5143957138061523,1
CUST0038955,2025-04-11 09:14:04+00:00,2.04,card_testing,6,0.9988760948181152,1
CUST0039120,2025-04-20 11:49:27+00:00,2.03,card_testing,1,0.9990127682685852,1
CUST0039185,2025-07-01 00:36:32+00:00,6.79,geo_anomaly,7,0.3304995000362396,1
CUST0039334,2025-05-16 04:11:22+00:00,1.79,card_testing,4,0.8936522603034973,1
CUST0039397,2025-06-09 00:57:50+00:00,1.21,card_testing,9,0.9990560412406921,1
CUST0039515,2024-12-28 11:26:28+00:00,56.93,account_takeover,2,0.36528706550598145,1
CUST0039515,2025-01-25 21:21:12+00:00,88.66,account_takeover,5,0.8640972971916199,1
CUST0039515,2025-07-12 21:11:09+00:00,51.0,account_takeover,6,0.9929961562156677,1
CUST0039515,2025-09-01 06:51:40+00:00,62.52,account_takeover,8,0.9988421201705933,1
CUST0039515,2025-09-21 21:54:45+00:00,57.24,account_takeover,10,0.9988883137702942,1
CUST0039567,2025-02-15 16:37:53+00:00,2.08,card_testing,1,0.9987262487411499,1
CUST0039618,2024-11-27 00:26:44+00:00,24.72,geo_anomaly,1,0.35746774077415466,1
CUST0039642,2025-04-14 00:18:20+00:00,1.77,card_testing,1,0.9989661574363708,1
CUST0039683,2025-07-15 09:41:55+00:00,1.87,card_testing,9,0.9989065527915955,1
CUST0039752,2025-02-22 10:48:41+00:00,5.71,geo_anomaly,6,0.31850239634513855,1
CUST0040188,2025-01-28 21:26:29+00:00,2.22,card_testing,3,0.951808750629425,1
CUST0040197,2025-06-07 21:47:24+00:00,2.77,card_testing,5,0.9962759613990784,1
CUST0040288,2025-02-15 21:52:26+00:00,1.39,card_testing,4,0.9921603202819824,1
CUST0040327,2025-10-23 03:14:57+00:00,1.0,card_testing,10,0.9986941814422607,1
CUST0040540,2025-08-29 16:20:02+00:00,1.45,card_testing,9,0.999046802520752,1
CUST0040576,2025-08-26 23:57:44+00:00,1.94,card_testing,11,0.998958170413971,1
CUST0040612,2025-08-20 04:18:48+00:00,1.0,card_testing,10,0.9990224838256836,1
CUST0040813,2025-05-02 06:42:41+00:00,3.46,card_testing,5,0.998263955116272,1
CUST0040820,2025-04-17 02:45:08+00:00,2.11,card_testing,6,0.9972907304763794,1
CUST0040867,2025-08-12 13:26:51+00:00,2.46,card_testing,9,0.9990032911300659,1
CUST0040974,2025-10-27 16:55:59+00:00,1.48,card_testing,6,0.9990528225898743,1
CUST0040985,2025-07-14 04:30:10+00:00,1.26,card_testing,8,0.9989991188049316,1
CUST0041031,2024-12-04 00:30:11+00:00,2.3,card_testing,1,0.3773038685321808,1
CUST0041051,2025-01-11 08:04:08+00:00,42.64,account_takeover,2,0.8628400564193726,1
CUST0041051,2025-07-16 04:18:42+00:00,35.84,account_takeover,8,0.998847246170044,1
CUST0041099,2025-06-04 22:14:24+00:00,1.53,card_testing,6,0.9990552663803101,1
CUST0041153,2025-01-27 12:11:47+00:00,36.28,money_laundering_ring,3,0.306373655796051,1
CUST0041216,2025-03-12 03:22:58+00:00,1.37,card_testing,2,0.9946906566619873,1
CUST0041346,2025-04-25 06:52:12+00:00,67.29,account_takeover,7,0.9988700151443481,1
CUST0041346,2025-05-24 10:49:23+00:00,25.38,account_takeover,8,0.9989498853683472,1
CUST0041346,2025-05-24 21:49:12+00:00,167.62,account_takeover,9,0.9988445043563843,1
CUST0041346,2025-08-07 02:44:41+00:00,66.02,account_takeover,16,0.9988322854042053,1
CUST0041346,2025-09-17 22:58:11+00:00,42.68,account_takeover,19,0.9987735748291016,1
CUST0041346,2025-10-24 19:27:15+00:00,101.97,account_takeover,21,0.9985849857330322,1
CUST0041416,2024-11-03 05:52:25+00:00,22.35,money_laundering_ring,1,0.40349626541137695,1
CUST0041427,2025-06-12 21:08:41+00:00,1.93,card_testing,5,0.9990478754043579,1
CUST0041799,2025-01-15 18:46:06+00:00,103.66,account_takeover,4,0.8810986280441284,1
CUST0041799,2025-08-16 02:55:15+00:00,46.98,account_takeover,13,0.9986063241958618,1
CUST0041838,2025-01-24 04:46:41+00:00,1.73,card_testing,2,0.9988167881965637,1
CUST0041879,2025-05-02 14:59:31+00:00,45.69,geo_anomaly,3,0.30390265583992004,1
CUST0041994,2025-01-27 17:41:53+00:00,1.0,card_testing,2,0.9987341165542603,1
CUST0042076,2025-05-21 15:25:49+00:00,1.68,card_testing,5,0.9990295767784119,1
CUST0042134,2025-02-07 20:36:49+00:00,1.73,card_testing,2,0.9989615082740784,1
CUST0042172,2025-06-16 09:17:40+00:00,1.46,card_testing,6,0.9990079402923584,1
CUST0042225,2025-04-27 02:02:08+00:00,32.86,geo_anomaly,1,0.29866161942481995,1
CUST0042248,2025-08-05 23:37:44+00:00,1.56,card_testing,3,0.9920012950897217,1
CUST0042342,2025-01-21 09:10:53+00:00,1.06,card_testing,3,0.9915177226066589,1
CUST0042356,2025-04-24 15:36:24+00:00,1.64,card_testing,9,0.9977664351463318,1
CUST0042357,2025-03-18 10:11:04+00:00,1.87,card_testing,1,0.9989339113235474,1
CUST0042408,2025-05-26 16:24:24+00:00,1.66,card_testing,3,0.9989365339279175,1
CUST0042765,2025-02-16 08:11:00+00:00,2.0,card_testing,4,0.985497772693634,1
CUST0042765,2025-09-04 13:51:13+00:00,1.48,card_testing,9,0.9989367127418518,1
CUST0042833,2025-03-07 22:48:05+00:00,1.64,card_testing,3,0.9989891648292542,1
CUST0042886,2025-01-24 12:53:34+00:00,1.74,card_testing,4,0.9901655912399292,1
CUST0043163,2025-03-04 22:24:03+00:00,1.23,card_testing,8,0.9988340735435486,1
CUST0043417,2025-02-09 05:49:12+00:00,2.01,card_testing,2,0.9960285425186157,1
CUST0043730,2025-04-30 17:26:06+00:00,1.97,card_testing,3,0.9990140795707703,1
CUST0043749,2025-08-18 20:40:35+00:00,78.35,geo_anomaly,8,0.2973919212818146,1
CUST0043949,2024-12-02 19:53:07+00:00,113.88,geo_anomaly,1,0.32450002431869507,1
CUST0043971,2025-10-03 13:44:52+00:00,61.68,geo_anomaly,5,0.29702794551849365,1
CUST0043982,2025-09-07 18:18:20+00:00,1.48,card_testing,14,0.9989798069000244,1
CUST0044034,2025-01-17 12:43:01+00:00,27.37,geo_anomaly,3,0.6881434321403503,1
CUST0044129,2025-04-12 12:34:15+00:00,16.99,geo_anomaly,6,0.3029312491416931,1
CUST0044173,2025-06-18 09:42:45+00:00,2.47,card_testing,7,0.9990524053573608,1
CUST0044195,2025-02-12 22:24:48+00:00,1.37,card_testing,3,0.9904288649559021,1
CUST0044318,2025-01-03 15:02:20+00:00,2.19,card_testing,1,0.9151752591133118,1
CUST0044367,2024-11-25 12:34:09+00:00,1.76,card_testing,1,0.9193405508995056,1
CUST0044577,2025-06-12 18:48:30+00:00,41.53,geo_anomaly,13,0.28141170740127563,1
CUST0044723,2025-05-06 05:16:30+00:00,1.79,card_testing,2,0.9990535974502563,1
CUST0044806,2025-09-17 14:53:28+00:00,45.2,geo_anomaly,4,0.29794442653656006,1
CUST0044887,2025-09-06 10:41:31+00:00,8.75,geo_anomaly,10,0.29169121384620667,1
CUST0045293,2025-09-13 13:36:02+00:00,2.49,geo_anomaly,8,0.29331812262535095,1
CUST0045460,2025-02-27 04:11:10+00:00,15.45,geo_anomaly,6,0.30254077911376953,1
CUST0045577,2025-02-13 18:38:12+00:00,2.21,card_testing,1,0.9990456104278564,1
CUST0045746,2025-10-07 10:37:44+00:00,2.5,card_testing,5,0.9990514516830444,1
CUST0045752,2025-04-07 00:37:35+00:00,2.38,card_testing,6,0.9990465641021729,1
CUST0045928,2025-02-21 19:51:31+00:00,10.22,money_laundering_ring,5,0.3133845925331116,1
CUST0045946,2025-04-04 22:02:08+00:00,1.35,card_testing,5,0.9988722801208496,1
CUST0045994,2025-08-16 22:44:45+00:00,14.24,geo_anomaly,9,0.29178881645202637,1
CUST0046150,2024-12-24 04:00:30+00:00,4.61,geo_anomaly,3,0.9146907925605774,1
CUST0046185,2025-10-22 09:57:14+00:00,1.17,card_testing,7,0.9990156888961792,1
CUST0046203,2025-03-26 00:35:51+00:00,26.74,geo_anomaly,6,0.30408725142478943,1
CUST0046317,2025-07-23 16:57:16+00:00,2.63,card_testing,9,0.9990004301071167,1
CUST0046368,2025-06-26 20:54:35+00:00,2.06,card_testing,9,0.9990420937538147,1
CUST0046443,2024-12-31 23:47:13+00:00,1.73,card_testing,4,0.8975964784622192,1
CUST0046459,2025-07-24 11:39:00+00:00,11.94,geo_anomaly,11,0.2940020263195038,1
CUST0046633,2024-12-20 04:38:47+00:00,19.0,money_laundering_ring,2,0.32781508564949036,1
CUST0046707,2025-01-02 07:17:24+00:00,1.52,card_testing,1,0.6562650799751282,1
CUST0046818,2025-02-21 15:14:43+00:00,1.64,card_testing,3,0.9979302287101746,1
CUST0046826,2025-07-08 13:23:21+00:00,1.89,card_testing,11,0.9988930225372314,1
CUST0046840,2025-09-08 14:38:39+00:00,31.67,money_laundering_ring,10,0.3196127414703369,1
CUST0046959,2025-03-11 16:22:33+00:00,20.32,money_laundering_ring,2,0.9034513831138611,1
CUST0047068,2025-10-23 20:53:43+00:00,2.6,geo_anomaly,11,0.2886122763156891,1
CUST0047087,2025-04-06 10:40:42+00:00,1.68,card_testing,4,0.986804187297821,1
CUST0047158,2025-06-26 08:59:56+00:00,1.27,card_testing,7,0.9990561008453369,1
CUST0047421,2024-12-12 06:50:37+00:00,2.25,card_testing,1,0.95818692445755,1
CUST0047438,2024-11-14 13:44:56+00:00,2.37,card_testing,1,0.9414513111114502,1
CUST0047751,2025-05-06 16:15:38+00:00,30.38,money_laundering_ring,2,0.32822185754776,1
CUST0047768,2025-07-24 07:27:39+00:00,7.08,geo_anomaly,7,0.29675060510635376,1
CUST0047811,2025-02-28 22:24:42+00:00,103.32,geo_anomaly,2,0.3009345829486847,1
CUST0047903,2025-03-21 05:30:28+00:00,8.2,geo_anomaly,4,0.30403509736061096,1
CUST0047922,2025-08-10 15:24:33+00:00,131.03,geo_anomaly,7,0.29491743445396423,1
CUST0047932,2025-04-24 08:28:39+00:00,1.37,card_testing,7,0.999021053314209,1
CUST0048042,2024-12-14 20:04:44+00:00,2.17,card_testing,1,0.9901686310768127,1
CUST0048167,2025-08-12 00:21:02+00:00,21.29,geo_anomaly,6,0.29896876215934753,1
CUST0048344,2024-12-16 09:06:35+00:00,438.87,geo_anomaly,3,0.4427511990070343,1
CUST0048425,2025-02-04 17:17:53+00:00,25.77,geo_anomaly,1,0.305367112159729,1
CUST0048619,2025-08-26 17:48:32+00:00,2.01,card_testing,8,0.9990299344062805,1
CUST0048644,2025-10-30 20:02:47+00:00,1.87,card_testing,12,0.9966464042663574,1
CUST0048811,2025-08-02 21:18:47+00:00,1.29,card_testing,8,0.999057412147522,1
CUST0048864,2025-10-01 02:51:13+00:00,45.58,geo_anomaly,12,0.2930660843849182,1
CUST0049045,2024-11-28 21:36:31+00:00,1.4,card_testing,2,0.8110175728797913,1
CUST0049075,2025-02-03 02:50:31+00:00,1.59,card_testing,2,0.9989802837371826,1
CUST0049128,2024-12-03 12:44:48+00:00,1.18,card_testing,2,0.9919053316116333,1
CUST0049130,2025-08-16 10:26:19+00:00,1.85,card_testing,9,0.9989981055259705,1
CUST0049198,2024-12-21 11:40:37+00:00,1.99,card_testing,2,0.9984652400016785,1
CUST0049230,2025-01-16 17:00:14+00:00,41.3,money_laundering_ring,2,0.3206007778644562,1
CUST0049283,2025-01-14 02:59:40+00:00,1.75,card_testing,5,0.998421847820282,1
CUST0049318,2025-10-11 11:14:25+00:00,18.86,geo_anomaly,5,0.29987040162086487,1
CUST0049388,2025-10-19 05:40:48+00:00,1.69,card_testing,5,0.9990165829658508,1
CUST0049458,2025-03-12 08:04:30+00:00,17.18,money_laundering_ring,2,0.9983856678009033,1
CUST0049577,2025-07-06 16:36:27+00:00,1.16,card_testing,8,0.9980289340019226,1
CUST0049579,2025-10-24 00:48:12+00:00,1.12,card_testing,9,0.9990391731262207,1
CUST0049588,2025-01-27 21:25:35+00:00,20.5,geo_anomaly,4,0.30038565397262573,1
CUST0049601,2025-10-23 16:24:56+00:00,2.61,card_testing,3,0.9988650679588318,1
CUST0049701,2025-08-14 06:29:53+00:00,1.24,card_testing,6,0.9989463090896606,1
CUST0049767,2025-09-15 23:15:37+00:00,1.17,card_testing,5,0.9990466833114624,1
CUST0049885,2025-04-02 07:10:24+00:00,1.67,card_testing,5,0.9969500303268433,1
CUST0049906,2025-08-22 18:17:22+00:00,1.51,card_testing,4,0.9989019632339478,1
CUST0050027,2025-08-12 00:28:54+00:00,1.58,card_testing,4,0.9990487694740295,1
CUST0050138,2025-07-27 12:43:23+00:00,1.88,card_testing,2,0.9990307092666626,1
CUST0050161,2025-01-20 11:09:53+00:00,16.09,geo_anomaly,5,0.3078427016735077,1
CUST0050193,2025-10-06 11:38:27+00:00,2.08,card_testing,9,0.9969112873077393,1
CUST0050215,2025-01-13 21:08:46+00:00,2.57,card_testing,1,0.9989487528800964,1
CUST0050508,2024-12-27 05:39:23+00:00,2.06,card_testing,2,0.9424726366996765,1
CUST0050539,2025-08-11 19:46:04+00:00,1.5,card_testing,7,0.9990517497062683,1
CUST0050981,2025-07-07 10:44:22+00:00,341.81,geo_anomaly,6,0.29816457629203796,1
CUST0051106,2025-10-23 19:43:51+00:00,3.56,geo_anomaly,7,0.296634703874588,1
CUST0051116,2025-10-08 13:41:42+00:00,1.41,card_testing,12,0.9990543127059937,1
CUST0051176,2025-06-05 01:05:34+00:00,2.4,card_testing,5,0.9990124106407166,1
CUST0051238,2025-04-24 23:36:40+00:00,1.96,card_testing,5,0.9982309341430664,1
CUST0051417,2025-01-17 02:56:30+00:00,4.87,geo_anomaly,3,0.2983855605125427,1
CUST0051435,2025-02-10 09:22:59+00:00,66.79,geo_anomaly,1,0.305012583732605,1
CUST0051513,2025-03-20 10:33:10+00:00,1.0,card_testing,3,0.9981790781021118,1
CUST0051587,2025-10-25 02:57:58+00:00,1.76,card_testing,7,0.9990546703338623,1
CUST0051594,2025-09-14 01:17:45+00:00,11.59,geo_anomaly,7,0.29193657636642456,1
CUST0051616,2024-11-13 08:36:32+00:00,2.3,card_testing,1,0.5681461095809937,1
CUST0051675,2025-09-02 12:37:39+00:00,28.78,money_laundering_ring,5,0.4180900752544403,1
CUST0051877,2025-01-16 18:22:33+00:00,18.48,geo_anomaly,3,0.30524563789367676,1
CUST0052056,2025-10-25 14:09:10+00:00,1.23,card_testing,11,0.9990502595901489,1
CUST0052057,2025-02-25 02:52:32+00:00,5.91,geo_anomaly,2,0.2969565689563751,1
CUST0052090,2025-05-23 18:28:56+00:00,8.54,geo_anomaly,4,0.9906831383705139,1
CUST0052091,2025-01-30 20:21:46+00:00,15.59,geo_anomaly,3,0.9856612086296082,1
CUST0052130,2025-06-15 17:55:25+00:00,1.66,card_testing,4,0.9990506172180176,1
CUST0052298,2025-04-13 20:52:15+00:00,1.33,card_testing,6,0.9988340139389038,1
CUST0052331,2025-04-19 05:01:45+00:00,9.25,geo_anomaly,6,0.3016430735588074,1
CUST0052545,2025-01-03 07:00:19+00:00,1.26,card_testing,2,0.9987025856971741,1
CUST0052604,2025-10-04 06:37:40+00:00,1.79,card_testing,8,0.9971832633018494,1
CUST0052746,2025-05-05 20:53:36+00:00,2.51,card_testing,6,0.9990020394325256,1
CUST0052950,2025-01-19 12:30:13+00:00,4.12,geo_anomaly,4,0.30656251311302185,1
CUST0053095,2025-09-03 11:10:13+00:00,1.05,card_testing,6,0.9990512728691101,1
CUST0053143,2024-12-13 02:37:00+00:00,1.35,card_testing,4,0.9646961688995361,1
CUST0053302,2025-07-03 04:26:18+00:00,52.3,geo_anomaly,10,0.29433783888816833,1
CUST0053605,2025-08-08 11:20:47+00:00,1.71,card_testing,9,0.9963427782058716,1
CUST0053705,2024-12-20 05:17:08+00:00,1.84,card_testing,3,0.9946063756942749,1
CUST0053734,2025-02-24 13:32:35+00:00,1.78,card_testing,5,0.9841237664222717,1
CUST0053796,2025-04-26 12:01:24+00:00,1.83,card_testing,6,0.9983908534049988,1
CUST0053871,2025-09-30 11:01:32+00:00,1.08,card_testing,11,0.9984729290008545,1
CUST0053915,2025-01-17 08:55:38+00:00,3.45,geo_anomaly,2,0.29626670479774475,1
CUST0053919,2025-01-25 15:30:33+00:00,1.69,card_testing,4,0.996718168258667,1
CUST0054137,2025-08-08 12:23:28+00:00,1.63,card_testing,15,0.9990320205688477,1
CUST0054194,2025-08-04 12:14:38+00:00,2.09,card_testing,3,0.999052882194519,1
CUST0054531,2025-03-11 10:32:30+00:00,27.28,geo_anomaly,2,0.29944950342178345,1
CUST0054552,2025-10-22 23:36:13+00:00,172.88,geo_anomaly,4,0.29675236344337463,1
CUST0054587,2025-09-20 11:52:40+00:00,7.7,geo_anomaly,11,0.2926200032234192,1
CUST0054611,2024-11-22 16:26:27+00:00,25.64,account_takeover,1,0.3967835605144501,1
CUST0054611,2025-01-05 14:42:05+00:00,26.01,account_takeover,3,0.9909172058105469,1
CUST0054611,2025-07-07 22:41:21+00:00,11.63,account_takeover,8,0.9990094900131226,1
CUST0054611,2025-08-20 16:33:51+00:00,15.72,account_takeover,9,0.9989838004112244,1
CUST0054611,2025-09-13 01:54:43+00:00,7.63,account_takeover,10,0.9990045428276062,1
CUST0054748,2025-02-23 13:44:03+00:00,1.52,card_testing,4,0.948012113571167,1
CUST0055035,2025-03-30 11:47:56+00:00,30.21,account_takeover,4,0.9663077592849731,1
CUST0055035,2025-04-20 00:59:11+00:00,1.29,card_testing,5,0.996929943561554,1
CUST0055035,2025-07-31 13:15:06+00:00,55.44,account_takeover,6,0.9432583451271057,1
CUST0055035,2025-08-02 23:42:22+00:00,35.74,account_takeover,7,0.9905463457107544,1
CUST0055035,2025-08-13 14:11:53+00:00,51.5,account_takeover,8,0.997451663017273,1
CUST0055035,2025-10-07 12:45:44+00:00,45.8,account_takeover,10,0.9989305734634399,1
CUST0055111,2025-08-08 15:03:18+00:00,15.24,geo_anomaly,9,0.2872186601161957,1
CUST0055136,2025-07-22 03:54:05+00:00,2.82,geo_anomaly,3,0.29764601588249207,1
CUST0055151,2025-02-02 19:46:58+00:00,4.09,geo_anomaly,2,0.2994234263896942,1
CUST0055333,2025-06-03 17:45:38+00:00,7.66,geo_anomaly,3,0.2951379716396332,1
CUST0055339,2025-07-18 11:24:19+00:00,1.52,card_testing,5,0.999018669128418,1
CUST0055414,2025-09-10 05:32:21+00:00,1.0,geo_anomaly,14,0.2799101173877716,1
CUST0055424,2025-05-28 04:08:27+00:00,19.99,money_laundering_ring,6,0.3197873532772064,1
CUST0055561,2025-04-19 17:52:42+00:00,1.82,card_testing,1,0.9987966418266296,1
CUST0055666,2025-06-15 11:26:23+00:00,1.71,card_testing,9,0.9989823698997498,1
CUST0055752,2025-01-25 00:11:01+00:00,1.2,card_testing,1,0.9039218425750732,1
CUST0055775,2025-02-14 19:10:43+00:00,2.28,card_testing,2,0.9989725947380066,1
CUST0055791,2025-02-20 10:16:13+00:00,22.72,money_laundering_ring,6,0.9516597986221313,1
CUST0055897,2025-10-23 08:48:24+00:00,13.61,geo_anomaly,7,0.2905668318271637,1
CUST0055961,2025-10-11 14:49:42+00:00,14.18,geo_anomaly,7,0.2930601239204407,1
CUST0055995,2025-01-30 15:31:23+00:00,15.99,geo_anomaly,4,0.30515724420547485,1
CUST0056103,2025-05-17 16:51:42+00:00,1.73,card_testing,4,0.9987612366676331,1
CUST0056292,2025-06-29 02:43:06+00:00,1.0,card_testing,7,0.9988723993301392,1
CUST0056400,2025-06-07 10:04:33+00:00,69.28,money_laundering_ring,3,0.3082609176635742,1
CUST0056476,2025-02-23 08:07:24+00:00,159.86,geo_anomaly,4,0.30636635422706604,1
CUST0056497,2025-05-10 02:49:58+00:00,27.64,geo_anomaly,4,0.3017117977142334,1
CUST0056510,2025-04-01 14:11:34+00:00,26.95,geo_anomaly,3,0.30245330929756165,1
CUST0056538,2024-12-20 21:58:14+00:00,17.86,geo_anomaly,2,0.30644625425338745,1
CUST0056580,2025-06-02 07:13:53+00:00,12.11,money_laundering_ring,9,0.38981935381889343,1
CUST0056597,2025-06-06 17:16:30+00:00,15.84,geo_anomaly,3,0.29778921604156494,1
CUST0056672,2025-02-09 14:26:38+00:00,1.85,card_testing,4,0.9987797737121582,1
CUST0056725,2025-04-06 16:13:18+00:00,2.26,card_testing,3,0.9989564418792725,1
CUST0056877,2025-06-11 06:53:56+00:00,13.28,geo_anomaly,6,0.30137646198272705,1
CUST0056998,2025-05-13 17:18:48+00:00,2.01,card_testing,6,0.998954713344574,1
CUST0057038,2025-05-02 21:44:42+00:00,1.17,card_testing,6,0.9971199631690979,1
CUST0057038,2025-07-06 04:48:30+00:00,49.62,geo_anomaly,10,0.29778698086738586,1
CUST0057090,2025-09-08 20:27:12+00:00,31.97,geo_anomaly,7,0.29459720849990845,1
CUST0057162,2024-12-22 08:28:24+00:00,23.18,geo_anomaly,1,0.30453169345855713,1
CUST0057254,2025-06-27 22:43:27+00:00,2.12,card_testing,3,0.9990226626396179,1
CUST0057305,2025-06-23 02:45:47+00:00,2.3,card_testing,5,0.9989128708839417,1
CUST0057447,2025-02-21 05:15:29+00:00,1.11,card_testing,1,0.9982191324234009,1
CUST0057465,2025-07-29 21:21:56+00:00,93.72,geo_anomaly,6,0.310671329498291,1
CUST0057484,2025-07-11 10:05:28+00:00,2.68,card_testing,16,0.9989231824874878,1
CUST0057564,2025-04-28 14:34:41+00:00,1.47,card_testing,6,0.9989168643951416,1
CUST0057913,2025-10-13 10:27:08+00:00,31.49,money_laundering_ring,9,0.3030468821525574,1
CUST0057918,2025-06-04 06:29:20+00:00,2.27,card_testing,6,0.9990531206130981,1
CUST0057950,2025-04-24 02:20:41+00:00,1.63,card_testing,3,0.9930607676506042,1
CUST0058142,2025-06-21 01:34:41+00:00,1.27,card_testing,10,0.9990305304527283,1
CUST0058278,2024-12-26 07:56:06+00:00,19.24,geo_anomaly,1,0.3039400279521942,1
CUST0058278,2025-01-19 16:28:22+00:00,31.23,money_laundering_ring,2,0.589691162109375,1
CUST0058281,2025-01-30 06:58:57+00:00,1.94,card_testing,3,0.9990211725234985,1
CUST0058294,2024-12-03 23:16:02+00:00,2.11,card_testing,2,0.9847845435142517,1
CUST0058383,2025-10-18 16:09:24+00:00,15.01,geo_anomaly,10,0.2923278510570526,1
CUST0058448,2025-10-04 07:36:19+00:00,1.44,card_testing,7,0.9990365505218506,1
CUST0058532,2025-07-22 02:47:30+00:00,2.05,card_testing,3,0.9989817142486572,1
CUST0058601,2025-07-10 20:20:23+00:00,1.32,card_testing,8,0.9988990426063538,1
CUST0058735,2025-10-22 02:51:21+00:00,4.41,card_testing,8,0.9990222454071045,1
CUST0058931,2025-04-17 05:43:43+00:00,2.62,card_testing,4,0.9738523364067078,1
CUST0058966,2025-04-28 03:43:45+00:00,1.0,card_testing,4,0.9967255592346191,1
CUST0058991,2024-11-26 12:45:14+00:00,16.59,geo_anomaly,1,0.30571258068084717,1
CUST0059047,2025-01-23 21:06:52+00:00,7.89,geo_anomaly,1,0.38604065775871277,1
CUST0059102,2025-05-01 18:48:03+00:00,2.34,card_testing,4,0.99800705909729,1
CUST0059198,2025-08-06 15:59:00+00:00,17.3,geo_anomaly,4,0.29577213525772095,1
CUST0059310,2025-03-28 19:53:48+00:00,24.59,money_laundering_ring,7,0.3089030981063843,1
CUST0059349,2025-01-24 18:18:03+00:00,2.42,card_testing,3,0.9673728346824646,1
CUST0059561,2025-01-22 10:11:45+00:00,2.16,geo_anomaly,3,0.9263313412666321,1
CUST0059722,2025-08-15 17:26:39+00:00,1.73,card_testing,6,0.9990434646606445,1
CUST0059738,2025-07-02 08:58:12+00:00,3.17,card_testing,9,0.998860239982605,1
CUST0059838,2025-06-21 06:32:05+00:00,1.89,card_testing,5,0.9989522695541382,1
CUST0059860,2025-06-26 11:47:18+00:00,5.4,geo_anomaly,6,0.2961657643318176,1
CUST0059923,2025-04-14 13:49:04+00:00,86.68,geo_anomaly,4,0.30282503366470337,1
CUST0059944,2025-03-02 19:09:10+00:00,22.02,geo_anomaly,4,0.30392634868621826,1
CUST0059950,2025-08-17 03:18:08+00:00,3.52,card_testing,5,0.9990493059158325,1
CUST0059965,2025-04-05 12:02:00+00:00,2.05,card_testing,3,0.9990485310554504,1
CUST0060044,2024-12-14 13:29:34+00:00,1.23,card_testing,1,0.6349700689315796,1
CUST0060121,2025-10-14 05:29:17+00:00,4.37,geo_anomaly,16,0.28347185254096985,1
CUST0060150,2025-09-25 06:06:54+00:00,1.65,card_testing,6,0.9986351728439331,1
CUST0060181,2025-05-29 21:21:59+00:00,1.46,card_testing,5,0.9989873170852661,1
CUST0060195,2025-06-26 01:23:47+00:00,60.73,geo_anomaly,5,0.30164065957069397,1
CUST0060451,2025-10-09 18:20:28+00:00,9.91,geo_anomaly,7,0.29634618759155273,1
CUST0060470,2025-01-21 21:28:44+00:00,3.91,geo_anomaly,4,0.3009852468967438,1
CUST0060541,2025-03-09 18:44:12+00:00,1.44,card_testing,6,0.9955580234527588,1
CUST0060647,2025-10-23 17:40:27+00:00,41.66,money_laundering_ring,7,0.31449252367019653,1
CUST0060782,2025-06-20 01:19:53+00:00,15.6,geo_anomaly,3,0.297539085149765,1
CUST0060988,2025-03-28 18:24:36+00:00,1.98,card_testing,3,0.9988500475883484,1
CUST0061108,2024-12-13 23:56:51+00:00,35.47,account_takeover,1,0.3633856475353241,1
CUST0061108,2025-01-04 05:08:58+00:00,28.24,account_takeover,2,0.5551793575286865,1
CUST0061108,2025-09-04 15:31:03+00:00,11.2,account_takeover,8,0.9988099336624146,1
CUST0061111,2025-09-16 03:14:41+00:00,1.26,card_testing,12,0.9989116787910461,1
CUST0061156,2025-03-09 02:31:41+00:00,11.26,account_takeover,7,0.9966641068458557,1
CUST0061156,2025-05-24 02:20:35+00:00,94.84,account_takeover,11,0.9980561137199402,1
CUST0061192,2025-10-05 01:30:54+00:00,1.63,card_testing,7,0.9990226626396179,1
CUST0061207,2024-11-30 04:18:06+00:00,32.63,account_takeover,1,0.3645511567592621,1
CUST0061207,2025-04-12 20:25:30+00:00,62.08,account_takeover,2,0.4988674223423004,1
CUST0061207,2025-04-23 02:25:13+00:00,150.03,account_takeover,3,0.9749606847763062,1
CUST0061207,2025-05-23 23:45:48+00:00,183.84,account_takeover,5,0.9989315867424011,1
CUST0061207,2025-08-10 21:09:57+00:00,104.54,account_takeover,8,0.9989070892333984,1
CUST0061287,2025-09-02 05:49:46+00:00,2.39,card_testing,11,0.9988747239112854,1
CUST0061335,2025-10-29 18:49:36+00:00,1.43,card_testing,9,0.9990453124046326,1
CUST0061396,2025-06-29 07:57:59+00:00,1.76,card_testing,7,0.9990087747573853,1
CUST0061532,2025-01-09 20:50:36+00:00,20.38,geo_anomaly,1,0.30149585008621216,1
CUST0061543,2024-12-04 03:41:20+00:00,65.65,account_takeover,1,0.3579213619232178,1
CUST0061543,2025-04-30 04:23:03+00:00,76.48,account_takeover,6,0.9984981417655945,1
CUST0061543,2025-05-10 22:10:43+00:00,22.71,account_takeover,8,0.9990106225013733,1
CUST0061543,2025-10-10 22:58:16+00:00,122.21,account_takeover,16,0.9983551502227783,1
CUST0061547,2025-03-18 21:16:18+00:00,1.51,card_testing,4,0.9987478256225586,1
CUST0061582,2024-11-04 21:57:33+00:00,1.84,card_testing,1,0.9118090271949768,1
CUST0061721,2024-11-21 11:15:21+00:00,90.3,geo_anomaly,3,0.6020079255104065,1
CUST0061844,2025-05-22 03:51:29+00:00,2.43,card_testing,11,0.9971719980239868,1
CUST0061916,2025-04-22 00:04:24+00:00,2.33,card_testing,6,0.9990550875663757,1
CUST0061979,2025-09-10 08:27:31+00:00,16.66,geo_anomaly,7,0.2915816009044647,1
CUST0062019,2025-07-26 11:54:09+00:00,1.47,card_testing,7,0.9988793730735779,1
CUST0062124,2025-08-03 06:27:57+00:00,1.97,card_testing,5,0.9990471005439758,1
CUST0062354,2025-05-18 12:24:41+00:00,3.86,geo_anomaly,9,0.2927652895450592,1
CUST0062484,2024-12-02 18:50:54+00:00,74.39,account_takeover,1,0.37000733613967896,1
CUST0062484,2025-04-25 17:53:58+00:00,47.67,account_takeover,6,0.9984866380691528,1
CUST0062484,2025-07-03 00:36:24+00:00,23.07,account_takeover,9,0.9984362721443176,1
CUST0062574,2025-04-25 05:48:03+00:00,1.44,card_testing,7,0.9989228248596191,1
CUST0062822,2025-06-22 08:41:26+00:00,9.98,geo_anomaly,7,0.301427960395813,1
CUST0062879,2024-11-29 02:17:13+00:00,2.0,card_testing,2,0.7627720832824707,1
CUST0062928,2025-03-25 16:44:57+00:00,22.71,account_takeover,3,0.8189409971237183,1
CUST0062928,2025-06-11 03:24:18+00:00,227.68,account_takeover,6,0.99871426820755,1
CUST0062928,2025-08-10 09:30:10+00:00,20.19,account_takeover,9,0.9990466237068176,1
CUST0063074,2025-05-03 09:02:21+00:00,2.18,card_testing,5,0.9990478157997131,1
CUST0063077,2025-01-15 03:10:11+00:00,2.65,card_testing,1,0.9964859485626221,1
CUST0063135,2025-08-05 18:38:23+00:00,38.9,geo_anomaly,8,0.2889441251754761,1
CUST0063161,2025-06-24 11:20:15+00:00,37.01,money_laundering_ring,5,0.3062027096748352,1
CUST0063198,2025-06-17 03:11:20+00:00,5.05,geo_anomaly,4,0.29734519124031067,1
CUST0063305,2024-12-28 20:44:50+00:00,1.51,card_testing,4,0.9778419733047485,1
CUST0063475,2025-08-01 12:06:34+00:00,2.44,card_testing,5,0.9990522861480713,1
CUST0063590,2025-06-30 17:23:54+00:00,60.55,geo_anomaly,9,0.29574450850486755,1
CUST0063627,2025-03-19 23:48:34+00:00,12.94,geo_anomaly,1,0.2993088662624359,1
CUST0063639,2025-02-08 03:43:36+00:00,1.98,card_testing,2,0.9627857804298401,1
CUST0063980,2025-05-31 16:35:58+00:00,1.14,card_testing,11,0.9989832639694214,1
CUST0064415,2025-05-05 04:30:13+00:00,1.74,card_testing,2,0.9989957809448242,1
CUST0064489,2025-09-26 07:26:48+00:00,2.05,card_testing,5,0.9989640116691589,1
CUST0064544,2025-01-25 15:35:19+00:00,1.04,card_testing,3,0.9989546537399292,1
CUST0064623,2025-03-05 15:01:17+00:00,13.31,geo_anomaly,4,0.940510094165802,1
CUST0064880,2025-02-14 02:02:24+00:00,3.35,card_testing,5,0.9670124053955078,1
CUST0065014,2025-07-03 23:09:17+00:00,18.55,geo_anomaly,6,0.29990988969802856,1
CUST0065029,2025-01-05 15:25:10+00:00,6.88,geo_anomaly,1,0.9065368175506592,1
CUST0065216,2025-10-29 03:59:04+00:00,3.03,card_testing,10,0.9990369081497192,1
CUST0065291,2025-06-22 20:24:51+00:00,2.0,card_testing,5,0.9990465044975281,1
CUST0065365,2025-08-08 20:22:05+00:00,2.07,card_testing,3,0.9981397986412048,1
CUST0065484,2025-09-02 11:58:06+00:00,1.81,card_testing,9,0.9990500211715698,1
CUST0065495,2025-06-07 01:29:19+00:00,60.58,account_takeover,6,0.9563777446746826,1
CUST0065495,2025-06-16 15:49:55+00:00,15.43,account_takeover,7,0.9881671071052551,1
CUST0065495,2025-07-31 16:45:32+00:00,22.89,account_takeover,9,0.9982548356056213,1
CUST0065495,2025-10-20 18:55:52+00:00,46.58,account_takeover,11,0.9941992163658142,1
CUST0065554,2025-06-06 15:03:26+00:00,59.77,geo_anomaly,8,0.2942396104335785,1
CUST0065676,2025-07-20 07:56:38+00:00,1.66,card_testing,5,0.9955145120620728,1
CUST0065682,2025-05-28 01:17:05+00:00,1.9,card_testing,11,0.9983936548233032,1
CUST0065781,2025-04-01 11:55:24+00:00,6.81,geo_anomaly,4,0.3037172853946686,1
CUST0066024,2025-08-14 14:02:25+00:00,1.14,card_testing,8,0.9990434050559998,1
CUST0066108,2025-07-17 04:40:26+00:00,24.65,geo_anomaly,5,0.29871803522109985,1
CUST0066149,2025-08-25 16:57:09+00:00,58.34,geo_anomaly,14,0.27952319383621216,1
CUST0066223,2024-12-08 11:04:56+00:00,1.54,geo_anomaly,3,0.3012266755104065,1
CUST0066323,2025-08-01 01:47:30+00:00,2.31,card_testing,5,0.9830057621002197,1
CUST0066476,2025-02-17 04:45:22+00:00,35.19,money_laundering_ring,2,0.39446231722831726,1
CUST0066562,2025-04-04 07:39:17+00:00,28.71,geo_anomaly,6,0.29948392510414124,1
CUST0066627,2025-04-25 02:01:15+00:00,1.36,card_testing,2,0.9990277886390686,1
CUST0066770,2024-12-10 05:06:39+00:00,6.02,geo_anomaly,1,0.7199050188064575,1
CUST0066847,2025-05-19 06:29:12+00:00,10.71,geo_anomaly,9,0.287882924079895,1
CUST0066975,2024-12-05 18:12:56+00:00,79.0,geo_anomaly,1,0.3276579678058624,1
CUST0067000,2025-06-28 11:28:27+00:00,1.94,card_testing,8,0.9990177154541016,1
CUST0067054,2025-02-27 21:13:37+00:00,45.3,geo_anomaly,2,0.3386857509613037,1
CUST0067131,2025-10-10 07:02:29+00:00,1.91,card_testing,14,0.9989566802978516,1
CUST0067403,2025-06-26 21:13:10+00:00,2.13,card_testing,10,0.9982772469520569,1
CUST0067468,2025-06-08 19:02:55+00:00,20.6,geo_anomaly,7,0.30092447996139526,1
CUST0067565,2025-01-05 23:01:40+00:00,13.78,geo_anomaly,3,0.49195167422294617,1
CUST0067653,2025-06-25 03:53:13+00:00,7.77,geo_anomaly,10,0.29418909549713135,1
CUST0067663,2025-07-13 03:38:38+00:00,1.68,card_testing,9,0.9989806413650513,1
CUST0067860,2025-04-30 21:05:23+00:00,1.86,card_testing,4,0.9979387521743774,1
CUST0067929,2024-12-22 17:58:17+00:00,4.8,card_testing,1,0.37278157472610474,1
CUST0067933,2025-06-20 02:00:19+00:00,1.16,card_testing,4,0.9989253878593445,1
CUST0067953,2025-09-28 23:27:37+00:00,61.13,geo_anomaly,11,0.2979823350906372,1
CUST0068051,2025-08-06 02:17:35+00:00,2.59,card_testing,4,0.999038815498352,1
CUST0068131,2024-11-06 08:40:33+00:00,2.1,card_testing,2,0.8195203542709351,1
CUST0068214,2025-06-20 08:11:04+00:00,1.52,card_testing,2,0.9989861845970154,1
CUST0068229,2025-08-18 08:41:51+00:00,1.74,card_testing,9,0.999056875705719,1
CUST0068241,2025-06-29 14:04:59+00:00,1.0,card_testing,4,0.9990498423576355,1
CUST0068299,2025-05-16 18:42:14+00:00,108.0,geo_anomaly,5,0.30111104249954224,1
CUST0068392,2025-07-09 02:53:37+00:00,27.13,geo_anomaly,14,0.2813892662525177,1
CUST0068470,2024-11-25 15:15:39+00:00,1.53,card_testing,2,0.8406424522399902,1
CUST0068472,2025-07-14 00:57:59+00:00,100.96,geo_anomaly,7,0.2947731018066406,1
CUST0068669,2025-06-04 08:56:25+00:00,32.32,geo_anomaly,7,0.2981502115726471,1
CUST0068726,2025-06-01 14:20:42+00:00,32.43,geo_anomaly,5,0.30319228768348694,1
CUST0068854,2024-12-01 10:42:07+00:00,10.4,geo_anomaly,1,0.33575117588043213,1
CUST0068909,2025-05-24 07:04:27+00:00,1.0,card_testing,5,0.9973719716072083,1
CUST0069064,2025-06-03 00:28:35+00:00,6.41,geo_anomaly,3,0.2965628504753113,1
CUST0069104,2025-04-24 01:03:27+00:00,2.1,card_testing,4,0.9990032315254211,1
CUST0069142,2025-01-05 11:53:43+00:00,1.76,card_testing,3,0.9978804588317871,1
CUST0069159,2025-04-27 11:28:44+00:00,5.96,geo_anomaly,2,0.29294005036354065,1
CUST0069497,2025-03-16 22:09:53+00:00,16.72,geo_anomaly,1,0.3306853771209717,1
CUST0069497,2025-05-13 18:02:04+00:00,1.0,card_testing,3,0.9500101804733276,1
CUST0069571,2025-09-05 02:06:58+00:00,2.04,card_testing,11,0.9987408518791199,1
CUST0069612,2025-02-05 00:25:31+00:00,1.88,card_testing,1,0.9980567097663879,1
CUST0069638,2025-02-26 09:54:56+00:00,1.0,card_testing,3,0.9989906549453735,1
CUST0069660,2025-08-18 00:51:53+00:00,1.91,card_testing,6,0.9990501403808594,1
CUST0069695,2025-03-03 18:25:32+00:00,9.36,money_laundering_ring,5,0.30840688943862915,1
CUST0069802,2024-12-21 11:54:57+00:00,30.14,money_laundering_ring,1,0.3388438820838928,1
CUST0069844,2025-03-02 07:28:21+00:00,22.71,account_takeover,2,0.60369873046875,1
CUST0069844,2025-08-05 14:09:26+00:00,19.37,account_takeover,6,0.8657580614089966,1
CUST0069844,2025-08-17 14:24:15+00:00,106.38,account_takeover,7,0.9787192344665527,1
CUST0070140,2025-08-02 02:12:45+00:00,2.59,card_testing,6,0.9990555644035339,1
CUST0070221,2025-06-29 13:18:00+00:00,1.38,card_testing,6,0.9990514516830444,1
CUST0070293,2025-02-10 20:27:03+00:00,2.11,card_testing,2,0.967407763004303,1
CUST0070331,2025-04-28 05:10:00+00:00,8.07,money_laundering_ring,4,0.3077473044395447,1
CUST0070346,2025-10-01 13:18:09+00:00,3.02,geo_anomaly,11,0.28369140625,1
CUST0070506,2025-01-25 02:40:40+00:00,2.09,card_testing,3,0.9985154271125793,1
CUST0070576,2025-02-24 10:40:22+00:00,111.96,geo_anomaly,4,0.3039189279079437,1
CUST0070628,2025-03-29 02:34:47+00:00,18.8,geo_anomaly,2,0.2986923158168793,1
CUST0070707,2025-03-26 11:26:34+00:00,1.56,card_testing,6,0.9934044480323792,1
CUST0070784,2025-08-23 17:25:00+00:00,189.99,geo_anomaly,9,0.2927975654602051,1
CUST0070817,2025-01-11 14:28:42+00:00,2.26,card_testing,2,0.9896197319030762,1
CUST0070843,2025-01-03 01:47:05+00:00,11.02,geo_anomaly,2,0.3064550757408142,1
CUST0070903,2025-07-24 20:10:04+00:00,52.39,geo_anomaly,7,0.28874459862709045,1
CUST0070921,2025-02-21 18:08:37+00:00,28.71,geo_anomaly,3,0.7595750093460083,1
CUST0070931,2025-06-16 03:27:25+00:00,2.04,card_testing,5,0.9990124702453613,1
CUST0071031,2025-05-08 04:56:29+00:00,15.18,geo_anomaly,7,0.3004881739616394,1
CUST0071136,2025-03-06 09:56:11+00:00,70.37,geo_anomaly,2,0.3031844198703766,1
CUST0071186,2025-01-18 14:43:44+00:00,1.13,card_testing,5,0.9732661247253418,1
CUST0071216,2025-08-31 01:49:56+00:00,1.29,card_testing,6,0.9988925457000732,1
CUST0071229,2025-09-21 01:06:14+00:00,1.22,card_testing,12,0.9989801645278931,1
CUST0071387,2025-02-21 21:34:10+00:00,1.01,card_testing,3,0.9545084238052368,1
CUST0071831,2025-02-28 17:07:09+00:00,1.21,card_testing,3,0.9001398682594299,1
CUST0071999,2025-05-11 18:48:48+00:00,1.0,card_testing,9,0.9983393549919128,1
CUST0072199,2025-07-11 13:07:36+00:00,17.99,money_laundering_ring,2,0.9989593625068665,1
CUST0072208,2024-12-17 01:26:01+00:00,18.16,geo_anomaly,2,0.31410419940948486,1
CUST0072352,2025-01-14 21:10:08+00:00,1.82,card_testing,5,0.998681366443634,1
CUST0072436,2024-12-04 02:00:32+00:00,34.87,account_takeover,3,0.5648273229598999,1
CUST0072436,2025-03-19 23:52:08+00:00,31.16,account_takeover,6,0.9988731741905212,1
CUST0072436,2025-03-31 10:23:07+00:00,27.99,account_takeover,7,0.9989078640937805,1
CUST0072439,2025-07-08 04:56:44+00:00,2.07,geo_anomaly,9,0.2929828464984894,1
CUST0072443,2024-12-14 08:44:00+00:00,13.14,money_laundering_ring,1,0.33338668942451477,1
CUST0072518,2025-08-27 06:43:11+00:00,1.59,card_testing,7,0.9953174591064453,1
CUST0072529,2025-10-14 05:16:42+00:00,1.5,card_testing,8,0.9990420937538147,1
CUST0072533,2025-05-14 08:22:20+00:00,38.07,geo_anomaly,8,0.2971469461917877,1
CUST0072650,2025-05-03 15:12:43+00:00,87.56,geo_anomaly,2,0.3040752410888672,1
CUST0072652,2025-07-19 05:39:01+00:00,1.81,card_testing,7,0.999042272567749,1
CUST0072761,2025-07-06 22:32:45+00:00,1.73,card_testing,6,0.9989361763000488,1
CUST0072775,2025-09-20 09:41:11+00:00,1.58,card_testing,8,0.9990469217300415,1
CUST0072844,2024-12-07 18:24:31+00:00,1.52,card_testing,1,0.895929217338562,1
CUST0072855,2025-07-29 19:05:33+00:00,7.83,money_laundering_ring,7,0.3451957404613495,1
CUST0072881,2025-06-04 08:00:38+00:00,96.97,geo_anomaly,8,0.2952157258987427,1
CUST0072988,2025-01-09 02:38:23+00:00,1.14,card_testing,3,0.9820700883865356,1
CUST0073109,2024-11-27 13:47:15+00:00,2.21,card_testing,1,0.9530644416809082,1
CUST0073251,2025-09-13 01:02:37+00:00,1.52,card_testing,15,0.9989122748374939,1
CUST0073269,2025-04-07 04:59:41+00:00,1.72,card_testing,7,0.9990299344062805,1
CUST0073294,2025-09-04 01:42:47+00:00,1.73,card_testing,13,0.9985597133636475,1
CUST0073335,2025-03-02 07:57:45+00:00,1.61,card_testing,4,0.9979164600372314,1
CUST0073337,2025-02-22 18:27:22+00:00,1.87,card_testing,6,0.9977250099182129,1
CUST0073381,2024-12-18 16:48:48+00:00,45.05,geo_anomaly,1,0.31774264574050903,1
CUST0073393,2025-03-03 08:45:03+00:00,2.12,card_testing,5,0.9534069895744324,1
CUST0073678,2024-12-12 16:51:04+00:00,16.2,geo_anomaly,2,0.875593364238739,1
CUST0073822,2025-10-12 14:06:43+00:00,1.0,card_testing,10,0.9990595579147339,1
CUST0073888,2025-01-05 23:30:18+00:00,17.59,geo_anomaly,1,0.30295902490615845,1
CUST0074067,2025-08-10 05:26:17+00:00,2.23,card_testing,4,0.9987713694572449,1
CUST0074119,2024-12-20 08:20:53+00:00,2.02,card_testing,2,0.9928585886955261,1
CUST0074337,2025-06-01 05:39:25+00:00,1.08,card_testing,6,0.9989197254180908,1
CUST0074541,2024-11-29 16:58:15+00:00,198.19,account_takeover,1,0.48882991075515747,1
CUST0074541,2025-01-06 19:18:07+00:00,73.45,account_takeover,3,0.9197208881378174,1
CUST0074541,2025-03-07 09:38:27+00:00,130.87,account_takeover,5,0.9980542063713074,1
CUST0074541,2025-05-04 03:38:16+00:00,47.38,account_takeover,8,0.9989995956420898,1
CUST0074541,2025-07-16 01:52:59+00:00,16.1,account_takeover,10,0.9989941716194153,1
CUST0074541,2025-09-15 22:18:38+00:00,147.32,account_takeover,12,0.9985951781272888,1
CUST0074607,2025-10-14 00:12:45+00:00,1.73,card_testing,16,0.9986924529075623,1
CUST0074692,2025-08-08 01:33:53+00:00,1.49,card_testing,5,0.99859219789505,1
CUST0074725,2025-03-27 18:56:38+00:00,3.45,geo_anomaly,3,0.30130523443222046,1
CUST0074747,2025-05-21 16:48:04+00:00,1.37,card_testing,5,0.9988759756088257,1
CUST0074915,2025-09-18 13:24:17+00:00,1.39,card_testing,5,0.9990241527557373,1
CUST0074991,2025-06-02 08:48:19+00:00,12.85,geo_anomaly,10,0.28949210047721863,1
CUST0075055,2025-10-27 09:29:56+00:00,1.06,card_testing,11,0.9990547895431519,1
CUST0075067,2025-05-16 06:25:38+00:00,2.53,card_testing,4,0.9985142350196838,1
CUST0075078,2025-07-19 13:12:31+00:00,1.91,card_testing,9,0.9990271329879761,1
CUST0075123,2025-05-14 20:40:53+00:00,2.07,card_testing,7,0.9989997744560242,1
CUST0075325,2024-12-19 01:40:08+00:00,1.22,card_testing,1,0.7987063527107239,1
CUST0075463,2024-12-18 18:52:29+00:00,1.35,card_testing,6,0.9868305325508118,1
CUST0075496,2025-05-16 01:28:36+00:00,1.88,card_testing,7,0.9990562200546265,1
CUST0075555,2025-05-15 12:11:31+00:00,1.63,card_testing,8,0.9986433386802673,1
CUST0075556,2025-07-04 12:11:24+00:00,1.87,card_testing,5,0.9990322589874268,1
CUST0075631,2025-06-29 22:29:41+00:00,1.79,card_testing,8,0.9987859129905701,1
CUST0075676,2024-12-29 17:10:57+00:00,578.03,account_takeover,1,0.6243398785591125,1
CUST0075676,2025-03-26 05:21:30+00:00,345.89,account_takeover,7,0.9901334643363953,1
CUST0075676,2025-10-20 07:56:59+00:00,323.47,account_takeover,17,0.9968618154525757,1
CUST0075760,2025-08-29 13:55:44+00:00,1.0,card_testing,6,0.9990079998970032,1
CUST0075805,2025-04-01 04:32:22+00:00,1.78,card_testing,5,0.9989101886749268,1
CUST0075884,2025-07-27 16:24:45+00:00,2.39,card_testing,4,0.9990535378456116,1
CUST0076003,2025-05-03 22:48:13+00:00,8.82,geo_anomaly,6,0.2971678376197815,1
CUST0076050,2025-07-16 22:00:21+00:00,5.32,geo_anomaly,12,0.2812843918800354,1
CUST0076174,2025-06-04 08:39:37+00:00,17.21,geo_anomaly,4,0.30138614773750305,1
CUST0076183,2025-09-22 11:04:40+00:00,1.54,card_testing,4,0.999052107334137,1
CUST0076251,2025-01-12 09:40:49+00:00,11.87,money_laundering_ring,1,0.9300702214241028,1
CUST0076302,2024-12-22 09:06:42+00:00,20.05,geo_anomaly,1,0.3182126581668854,1
CUST0076303,2025-10-19 16:53:10+00:00,1.14,card_testing,12,0.9990576505661011,1
CUST0076444,2025-07-06 04:02:29+00:00,1.88,card_testing,7,0.9990131855010986,1
CUST0076465,2025-07-15 03:32:25+00:00,23.79,geo_anomaly,8,0.30296021699905396,1
CUST0076471,2025-08-09 08:06:59+00:00,24.49,geo_anomaly,4,0.29740455746650696,1
CUST0076510,2024-12-27 20:28:23+00:00,42.86,geo_anomaly,2,0.30812737345695496,1
CUST0076539,2025-09-05 06:18:43+00:00,2.54,card_testing,5,0.9990192651748657,1
CUST0076549,2025-02-19 07:51:20+00:00,3.11,card_testing,5,0.994540810585022,1
CUST0076638,2025-04-01 03:13:52+00:00,16.16,geo_anomaly,4,0.3075365424156189,1
CUST0076889,2025-10-16 16:38:24+00:00,1.56,card_testing,6,0.9990413188934326,1
CUST0076965,2025-08-17 08:50:55+00:00,2.58,card_testing,8,0.9990513324737549,1
CUST0077003,2025-09-15 06:01:45+00:00,7.55,geo_anomaly,4,0.29330024123191833,1
CUST0077009,2025-05-09 19:25:59+00:00,16.66,geo_anomaly,5,0.2995104491710663,1
CUST0077017,2025-07-24 18:30:46+00:00,2.32,card_testing,6,0.999051034450531,1
CUST0077115,2025-01-13 23:12:26+00:00,2.54,card_testing,2,0.42042043805122375,1
CUST0077190,2025-05-26 01:01:24+00:00,6.95,geo_anomaly,1,0.3077986240386963,1
CUST0077276,2025-06-17 07:47:27+00:00,1.23,card_testing,11,0.9978702664375305,1
CUST0077387,2025-03-24 14:10:00+00:00,8.64,geo_anomaly,1,0.29647064208984375,1
CUST0077415,2025-09-09 06:38:03+00:00,1.34,card_testing,7,0.998978316783905,1
CUST0077698,2025-09-16 14:18:04+00:00,1.52,card_testing,10,0.9989571571350098,1
CUST0077800,2025-07-16 15:45:22+00:00,1.77,card_testing,6,0.9954789280891418,1
CUST0077849,2025-06-30 14:17:19+00:00,1.67,card_testing,5,0.9988683462142944,1
CUST0078082,2025-08-19 13:46:32+00:00,1.44,card_testing,10,0.9979747533798218,1
CUST0078106,2025-09-22 12:54:45+00:00,1.87,card_testing,9,0.9987168312072754,1
CUST0078108,2025-07-08 08:56:28+00:00,1.47,card_testing,6,0.9989734888076782,1
CUST0078208,2025-08-22 04:22:22+00:00,1.0,card_testing,8,0.9990460276603699,1
CUST0078240,2025-10-22 23:13:04+00:00,3.17,card_testing,4,0.9990468621253967,1
CUST0078297,2025-06-12 22:49:34+00:00,1.95,card_testing,3,0.997190535068512,1
CUST0078360,2025-06-09 23:48:33+00:00,2.62,card_testing,7,0.9990416169166565,1
CUST0078396,2025-08-16 09:43:02+00:00,1.0,card_testing,10,0.9990479946136475,1
CUST0078482,2025-02-04 07:57:09+00:00,1.58,card_testing,2,0.9955671429634094,1
CUST0078492,2025-01-22 02:55:51+00:00,16.58,geo_anomaly,2,0.29750141501426697,1
CUST0078552,2025-03-20 00:57:58+00:00,48.08,geo_anomaly,4,0.31401515007019043,1
CUST0078582,2025-03-31 03:21:34+00:00,2.05,card_testing,3,0.9945456981658936,1
CUST0078626,2025-01-22 18:33:52+00:00,2.49,card_testing,4,0.9806448221206665,1
CUST0078675,2025-01-25 14:25:18+00:00,1.52,card_testing,2,0.9951605200767517,1
CUST0078917,2025-05-19 05:40:35+00:00,2.31,card_testing,8,0.9984080791473389,1
CUST0078938,2025-05-11 02:08:36+00:00,1.72,card_testing,1,0.9990522265434265,1
CUST0079025,2025-09-10 12:39:03+00:00,1.36,card_testing,8,0.9989684820175171,1
CUST0079028,2025-07-06 08:16:45+00:00,92.53,money_laundering_ring,9,0.3264997601509094,1
CUST0079052,2025-03-09 06:09:22+00:00,3.17,card_testing,6,0.987026572227478,1
CUST0079136,2025-08-08 04:19:49+00:00,3.42,card_testing,7,0.9990561008453369,1
CUST0079165,2025-02-09 22:03:28+00:00,1.86,card_testing,3,0.9900123476982117,1
CUST0079222,2025-01-20 12:40:52+00:00,1.93,card_testing,1,0.9985607862472534,1
CUST0079261,2025-10-04 05:20:05+00:00,319.29,geo_anomaly,4,0.3036227524280548,1
CUST0079339,2025-03-13 19:01:41+00:00,8.02,geo_anomaly,3,0.2970711886882782,1
CUST0079341,2025-04-23 22:29:20+00:00,30.58,geo_anomaly,6,0.3006022274494171,1
CUST0079747,2025-08-22 01:28:52+00:00,38.85,geo_anomaly,4,0.2995123863220215,1
CUST0079805,2025-10-27 09:56:18+00:00,6.6,geo_anomaly,10,0.293028861284256,1
CUST0079910,2024-11-17 08:02:35+00:00,1.52,card_testing,1,0.9632624983787537,1
CUST0079970,2025-01-15 11:27:38+00:00,79.39,account_takeover,2,0.817601203918457,1
CUST0079970,2025-05-06 03:30:35+00:00,68.7,account_takeover,4,0.9979259371757507,1
CUST0080142,2025-03-10 08:42:28+00:00,8.67,geo_anomaly,8,0.295070081949234,1
CUST0080216,2025-01-05 20:18:30+00:00,51.6,geo_anomaly,1,0.31988388299942017,1
CUST0080236,2025-01-18 08:48:27+00:00,1.36,card_testing,1,0.9989192485809326,1
CUST0080241,2025-06-20 08:34:59+00:00,13.83,money_laundering_ring,6,0.8486414551734924,1
CUST0080386,2025-03-15 05:21:33+00:00,1.33,card_testing,7,0.9988253116607666,1
CUST0080400,2025-08-11 15:39:06+00:00,1.78,card_testing,7,0.999036431312561,1
CUST0080655,2025-08-14 02:38:17+00:00,1.16,card_testing,10,0.9989996552467346,1
CUST0080730,2025-03-10 15:37:05+00:00,1.99,card_testing,5,0.9964133501052856,1
CUST0080739,2025-06-04 22:03:29+00:00,1.65,card_testing,5,0.9986722469329834,1
CUST0080957,2025-05-18 09:04:23+00:00,1.42,card_testing,5,0.9990378618240356,1
CUST0081093,2025-02-11 23:30:50+00:00,6.89,geo_anomaly,5,0.556270956993103,1
CUST0081107,2025-08-21 10:34:54+00:00,10.25,geo_anomaly,6,0.29292765259742737,1
CUST0081132,2025-08-23 07:00:28+00:00,13.16,geo_anomaly,5,0.29974400997161865,1
CUST0081148,2025-09-27 14:20:55+00:00,1.94,card_testing,11,0.9989528656005859,1
CUST0081178,2025-09-29 08:43:48+00:00,2.25,card_testing,8,0.999055802822113,1
CUST0081254,2025-07-26 16:58:07+00:00,1.19,card_testing,6,0.9990535974502563,1
CUST0081264,2025-03-23 18:32:11+00:00,2.5,card_testing,5,0.9990058541297913,1
CUST0081318,2025-03-02 10:54:01+00:00,2.57,card_testing,1,0.9990409016609192,1
CUST0081355,2025-09-25 17:14:41+00:00,1.38,card_testing,11,0.9990542531013489,1
CUST0081707,2025-02-07 01:36:42+00:00,2.88,card_testing,4,0.9930558204650879,1
CUST0081736,2025-01-15 11:44:00+00:00,2.12,card_testing,3,0.9956881999969482,1
CUST0081750,2025-10-03 04:36:50+00:00,1.0,card_testing,13,0.9981233477592468,1
CUST0081786,2025-01-15 05:01:35+00:00,3.18,geo_anomaly,2,0.3017842173576355,1
CUST0081818,2025-08-26 07:49:59+00:00,10.56,money_laundering_ring,8,0.3324364423751831,1
CUST0081916,2025-06-18 07:33:17+00:00,40.99,geo_anomaly,8,0.30114617943763733,1
CUST0081942,2025-05-20 17:31:39+00:00,3.37,geo_anomaly,2,0.29666396975517273,1
CUST0082063,2025-07-28 22:49:00+00:00,2.1,card_testing,2,0.9936711192131042,1
CUST0082091,2025-03-11 14:33:37+00:00,1.97,card_testing,3,0.9990200996398926,1
CUST0082369,2025-07-06 12:41:43+00:00,5.67,geo_anomaly,8,0.2931362986564636,1
CUST0082374,2024-12-09 19:43:11+00:00,14.59,geo_anomaly,1,0.36852914094924927,1
CUST0082402,2025-10-14 06:51:19+00:00,1.0,card_testing,16,0.9990516304969788,1
CUST0082424,2025-07-17 15:38:55+00:00,38.58,geo_anomaly,9,0.30286121368408203,1
CUST0082467,2025-02-01 23:11:38+00:00,2.1,card_testing,2,0.9949927926063538,1
CUST0082483,2025-02-28 10:21:16+00:00,1.79,card_testing,4,0.9986015558242798,1
CUST0082490,2025-10-06 01:33:46+00:00,1.12,card_testing,6,0.9990534782409668,1
CUST0082540,2025-06-07 22:35:37+00:00,1.4,card_testing,4,0.9983423352241516,1
CUST0082847,2025-03-14 02:24:54+00:00,1.19,card_testing,3,0.9963639378547668,1
CUST0082906,2025-07-28 18:09:27+00:00,2.58,card_testing,4,0.9990541338920593,1
CUST0082922,2025-09-09 13:06:20+00:00,1.96,card_testing,8,0.9990525841712952,1
CUST0083095,2025-03-24 00:58:45+00:00,1.65,card_testing,3,0.9989651441574097,1
CUST0083155,2025-10-09 15:03:09+00:00,12.36,money_laundering_ring,10,0.3255167603492737,1
CUST0083171,2025-08-27 22:04:10+00:00,28.98,money_laundering_ring,8,0.32481348514556885,1
CUST0083257,2025-03-15 17:25:52+00:00,31.59,geo_anomaly,1,0.30212417244911194,1
CUST0083335,2025-10-04 09:03:57+00:00,9.27,geo_anomaly,12,0.2894066572189331,1
CUST0083372,2024-12-14 15:56:00+00:00,140.9,account_takeover,2,0.87532639503479,1
CUST0083372,2025-01-25 14:52:25+00:00,14.8,account_takeover,4,0.9987574815750122,1
CUST0083372,2025-03-25 08:00:50+00:00,3.15,account_takeover,6,0.9990063309669495,1
CUST0083372,2025-07-28 23:19:41+00:00,67.24,account_takeover,11,0.9988209009170532,1
CUST0083372,2025-08-15 17:33:37+00:00,56.37,account_takeover,12,0.9981219172477722,1
CUST0083488,2025-04-20 22:36:11+00:00,1.87,card_testing,3,0.99880051612854,1
CUST0083569,2025-03-29 08:58:29+00:00,8.09,account_takeover,6,0.9910126328468323,1
CUST0083569,2025-05-12 21:53:15+00:00,92.68,account_takeover,7,0.8995428681373596,1
CUST0083569,2025-10-01 21:08:26+00:00,65.41,account_takeover,12,0.9964204430580139,1
CUST0083630,2024-11-12 04:02:33+00:00,1.34,card_testing,1,0.969598650932312,1
CUST0083835,2025-06-13 01:28:43+00:00,31.41,geo_anomaly,12,0.2825649678707123,1
CUST0084042,2025-07-02 23:01:50+00:00,18.11,money_laundering_ring,9,0.3072589933872223,1
CUST0084063,2025-02-17 13:28:44+00:00,22.4,account_takeover,4,0.8482424020767212,1
CUST0084063,2025-04-21 12:35:51+00:00,38.75,account_takeover,5,0.8997254967689514,1
CUST0084063,2025-10-01 06:15:52+00:00,28.77,account_takeover,8,0.9983291625976562,1
CUST0084063,2025-10-17 09:44:17+00:00,40.21,account_takeover,9,0.9968968033790588,1
CUST0084063,2025-10-27 10:45:53+00:00,29.15,account_takeover,10,0.9983307123184204,1
CUST0084180,2025-02-18 20:14:01+00:00,1.16,card_testing,1,0.9920715093612671,1
CUST0084185,2024-12-22 04:57:10+00:00,40.06,geo_anomaly,1,0.3155168890953064,1
CUST0084274,2025-01-03 21:49:22+00:00,4.01,card_testing,2,0.9804157018661499,1
CUST0084391,2025-01-03 01:57:26+00:00,1.37,card_testing,3,0.9909571409225464,1
CUST0084631,2025-04-02 07:01:34+00:00,1.86,card_testing,2,0.9986792802810669,1
CUST0084851,2025-08-09 19:01:35+00:00,68.72,geo_anomaly,8,0.2955472767353058,1
CUST0084912,2025-09-09 14:57:42+00:00,1.48,card_testing,9,0.9990008473396301,1
CUST0084991,2025-09-28 09:10:00+00:00,44.09,geo_anomaly,6,0.289962500333786,1
CUST0085025,2025-08-15 09:02:19+00:00,2.61,card_testing,6,0.9990494251251221,1
CUST0085047,2025-05-03 02:34:23+00:00,17.17,geo_anomaly,4,0.9923735857009888,1
CUST0085111,2025-02-24 14:41:57+00:00,29.48,account_takeover,6,0.9981295466423035,1
CUST0085111,2025-03-16 11:55:18+00:00,57.29,account_takeover,8,0.9986708760261536,1
CUST0085111,2025-06-09 20:43:07+00:00,524.91,account_takeover,12,0.9990214109420776,1
CUST0085111,2025-09-06 18:11:34+00:00,251.87,account_takeover,17,0.9987529516220093,1
CUST0085111,2025-09-17 12:08:31+00:00,83.43,account_takeover,19,0.9981275200843811,1
CUST0085252,2025-02-15 07:03:26+00:00,1.69,card_testing,2,0.9440561532974243,1
CUST0085254,2025-07-06 04:58:36+00:00,1.55,card_testing,4,0.9990482926368713,1
CUST0085391,2024-12-19 07:09:38+00:00,1.79,card_testing,1,0.9495980143547058,1
CUST0085423,2025-01-07 04:24:01+00:00,21.51,geo_anomaly,1,0.30312713980674744,1
CUST0085522,2024-11-20 11:19:30+00:00,1.46,card_testing,1,0.9953120350837708,1
CUST0085576,2025-06-25 07:32:55+00:00,1.78,card_testing,6,0.9990224242210388,1
CUST0085600,2025-06-14 20:41:15+00:00,12.19,geo_anomaly,8,0.29411429166793823,1
CUST0085651,2025-01-13 12:15:03+00:00,1.22,card_testing,3,0.998073935508728,1
CUST0085833,2025-03-23 06:56:58+00:00,1.66,card_testing,4,0.9989721775054932,1
CUST0085859,2025-10-28 21:28:53+00:00,35.57,geo_anomaly,7,0.2918398678302765,1
CUST0085996,2025-01-20 19:58:20+00:00,24.68,geo_anomaly,3,0.3030606508255005,1
CUST0086151,2025-02-13 09:48:25+00:00,1.14,card_testing,3,0.9984477758407593,1
CUST0086157,2025-01-19 08:19:19+00:00,1.82,card_testing,6,0.996524453163147,1
CUST0086269,2025-09-08 01:24:50+00:00,12.61,geo_anomaly,7,0.2989813983440399,1
CUST0086427,2025-09-03 18:39:05+00:00,79.6,geo_anomaly,9,0.297328382730484,1
CUST0086715,2025-04-23 17:17:30+00:00,212.04,account_takeover,4,0.9857328534126282,1
CUST0086715,2025-07-07 18:01:24+00:00,133.98,account_takeover,8,0.9990389347076416,1
CUST0086715,2025-07-08 19:33:47+00:00,87.84,account_takeover,9,0.9990324378013611,1
CUST0086715,2025-10-27 12:09:26+00:00,78.43,account_takeover,10,0.9990189671516418,1
CUST0086816,2025-03-22 10:56:18+00:00,4.82,geo_anomaly,3,0.3014061748981476,1
CUST0086875,2025-01-28 11:28:51+00:00,24.46,geo_anomaly,4,0.3058306574821472,1
CUST0086897,2025-04-04 13:10:58+00:00,2.07,card_testing,1,0.999049723148346,1
CUST0086921,2025-05-04 17:29:38+00:00,23.1,geo_anomaly,4,0.3022826015949249,1
CUST0086961,2025-01-28 20:20:57+00:00,2.81,geo_anomaly,3,0.8923602104187012,1
CUST0086993,2025-05-01 12:58:08+00:00,18.75,geo_anomaly,7,0.30112385749816895,1
CUST0087114,2025-09-10 18:41:49+00:00,1.66,card_testing,14,0.999049723148346,1
CUST0087154,2025-09-10 07:28:05+00:00,1.63,card_testing,7,0.9989748001098633,1
CUST0087285,2025-02-14 03:45:45+00:00,1.18,card_testing,3,0.9968978762626648,1
CUST0087298,2024-12-04 17:33:04+00:00,44.65,geo_anomaly,1,0.3185274004936218,1
CUST0087311,2025-04-18 19:06:48+00:00,10.25,account_takeover,5,0.8932706117630005,1
CUST0087311,2025-07-13 00:24:49+00:00,8.34,account_takeover,14,0.9977278113365173,1
CUST0087324,2025-03-06 06:57:15+00:00,1.79,card_testing,3,0.9990333318710327,1
CUST0087386,2025-05-16 14:02:57+00:00,45.82,geo_anomaly,6,0.3005640506744385,1
CUST0087452,2025-07-24 03:54:45+00:00,2.11,card_testing,3,0.9990465044975281,1
CUST0087495,2025-07-19 02:37:45+00:00,1.64,card_testing,10,0.9988203644752502,1
CUST0087585,2025-01-05 09:58:49+00:00,2.0,card_testing,3,0.9219498634338379,1
CUST0087719,2025-02-15 23:53:18+00:00,1.44,card_testing,2,0.9951398968696594,1
CUST0087775,2025-08-27 06:44:26+00:00,1.0,card_testing,6,0.9990450739860535,1
CUST0087795,2025-06-05 09:40:12+00:00,1.7,card_testing,9,0.99903804063797,1
CUST0087815,2025-08-25 13:49:20+00:00,16.38,money_laundering_ring,11,0.3113396465778351,1
CUST0087835,2025-03-17 19:06:47+00:00,1.55,card_testing,7,0.9966087341308594,1
CUST0087874,2025-07-08 10:26:54+00:00,1.47,card_testing,7,0.9990547299385071,1
CUST0087994,2025-10-09 12:31:37+00:00,20.48,money_laundering_ring,11,0.30196717381477356,1
CUST0088129,2025-03-25 14:26:04+00:00,2.16,card_testing,4,0.9913550615310669,1
CUST0088189,2025-09-07 12:03:27+00:00,1.68,card_testing,4,0.9990494251251221,1
CUST0088228,2025-10-27 04:17:11+00:00,1.18,card_testing,13,0.9990559220314026,1
CUST0088305,2025-01-05 01:28:11+00:00,43.15,geo_anomaly,1,0.35405707359313965,1
CUST0088480,2024-11-12 00:15:53+00:00,18.05,account_takeover,1,0.37924638390541077,1
CUST0088480,2025-01-18 23:35:34+00:00,110.7,account_takeover,4,0.9978053569793701,1
CUST0088480,2025-02-22 12:24:38+00:00,37.0,account_takeover,6,0.9989598393440247,1
CUST0088480,2025-06-14 09:29:21+00:00,25.96,account_takeover,11,0.998970627784729,1
CUST0088480,2025-10-15 15:40:40+00:00,74.87,account_takeover,18,0.9976385235786438,1
CUST0088654,2025-09-04 04:30:46+00:00,85.15,geo_anomaly,7,0.2994779944419861,1
CUST0088701,2024-12-19 18:48:22+00:00,2.2,card_testing,3,0.9374637603759766,1
CUST0088714,2025-03-24 19:04:20+00:00,1.34,card_testing,3,0.9979722499847412,1
CUST0088743,2025-06-23 16:23:06+00:00,2.81,card_testing,7,0.9990467429161072,1
CUST0088749,2024-12-24 17:24:38+00:00,1.0,card_testing,4,0.6468127965927124,1
CUST0088769,2025-02-19 01:53:08+00:00,6.59,geo_anomaly,5,0.3021029233932495,1
CUST0088769,2025-08-25 20:03:09+00:00,1.97,card_testing,8,0.9990561008453369,1
CUST0089064,2024-12-24 06:27:26+00:00,58.85,geo_anomaly,2,0.3430231809616089,1
CUST0089082,2025-05-11 14:33:02+00:00,7.79,geo_anomaly,1,0.29549944400787354,1
CUST0089104,2025-04-20 21:05:47+00:00,6.41,money_laundering_ring,4,0.3164633810520172,1
CUST0089105,2025-05-22 22:20:10+00:00,179.34,account_takeover,3,0.6913937330245972,1
CUST0089105,2025-05-26 01:46:16+00:00,157.91,account_takeover,4,0.9953084588050842,1
CUST0089105,2025-07-15 15:33:03+00:00,54.92,account_takeover,7,0.9985557198524475,1
CUST0089105,2025-07-25 23:52:01+00:00,79.04,account_takeover,8,0.998990535736084,1
CUST0089105,2025-09-29 08:15:22+00:00,187.79,account_takeover,11,0.9990551471710205,1
CUST0089120,2025-02-28 15:45:37+00:00,47.03,geo_anomaly,1,0.3038184940814972,1
CUST0089225,2025-08-23 10:03:02+00:00,13.76,geo_anomaly,12,0.3011050224304199,1
CUST0089238,2025-10-04 02:20:51+00:00,1.61,card_testing,12,0.9988019466400146,1
CUST0089436,2025-09-11 14:14:49+00:00,100.35,money_laundering_ring,14,0.6533408761024475,1
CUST0089510,2025-03-25 14:06:10+00:00,1.28,card_testing,2,0.9985682368278503,1
CUST0089602,2025-07-04 05:59:35+00:00,47.14,geo_anomaly,10,0.2943756878376007,1
CUST0089951,2025-06-20 12:51:05+00:00,1.6,card_testing,8,0.9990127682685852,1
CUST0090327,2025-08-21 20:20:25+00:00,18.95,geo_anomaly,6,0.2925140857696533,1
CUST0090331,2025-05-15 13:21:36+00:00,2.38,card_testing,3,0.9990307092666626,1
CUST0090362,2025-07-13 09:56:21+00:00,18.11,geo_anomaly,10,0.29691898822784424,1
CUST0090586,2025-05-25 02:43:52+00:00,53.89,geo_anomaly,6,0.3057975172996521,1
CUST0090725,2025-01-01 01:34:27+00:00,28.98,geo_anomaly,1,0.30717235803604126,1
CUST0090807,2024-12-22 11:01:53+00:00,12.9,geo_anomaly,2,0.32278725504875183,1
CUST0090870,2025-04-06 15:05:29+00:00,1.5,card_testing,7,0.9987490773200989,1
CUST0090913,2025-10-12 14:41:09+00:00,1.45,card_testing,13,0.9990552067756653,1
CUST0091100,2025-07-23 18:59:04+00:00,1.23,card_testing,4,0.9989162683486938,1
CUST0091169,2025-03-30 21:43:33+00:00,2.14,card_testing,3,0.9803388118743896,1
CUST0091172,2025-08-09 11:36:50+00:00,1.67,card_testing,6,0.998988926410675,1
CUST0091241,2025-02-28 06:03:53+00:00,2.09,card_testing,2,0.99900221824646,1
CUST0091290,2025-02-21 05:15:04+00:00,30.93,account_takeover,3,0.391147255897522,1
CUST0091290,2025-06-16 18:10:16+00:00,45.18,account_takeover,8,0.998931884765625,1
CUST0091290,2025-07-04 00:42:23+00:00,53.72,account_takeover,9,0.9989966750144958,1
CUST0091290,2025-10-04 02:33:16+00:00,22.5,account_takeover,13,0.9985299706459045,1
CUST0091355,2025-04-23 03:13:22+00:00,2.27,card_testing,7,0.9990459680557251,1
CUST0091358,2025-01-01 20:59:55+00:00,1.91,card_testing,3,0.9867836833000183,1
CUST0091379,2025-01-12 04:59:10+00:00,6.63,geo_anomaly,3,0.30441150069236755,1
CUST0091629,2025-08-14 19:01:56+00:00,2.81,card_testing,7,0.9990487694740295,1
CUST0091634,2025-04-07 20:18:00+00:00,1.84,card_testing,6,0.9990513324737549,1
CUST0091660,2025-01-19 17:56:53+00:00,19.91,geo_anomaly,1,0.3539354205131531,1
CUST0091684,2025-03-22 22:06:36+00:00,2.25,card_testing,4,0.9976989030838013,1
CUST0091738,2025-02-12 08:46:10+00:00,1.71,card_testing,1,0.998982310295105,1
CUST0091741,2025-02-06 17:24:46+00:00,1.27,card_testing,3,0.997327446937561,1
CUST0091827,2025-09-03 15:51:26+00:00,1.46,card_testing,8,0.9990541934967041,1
CUST0091839,2025-09-23 04:04:02+00:00,15.24,account_takeover,8,0.9579687118530273,1
CUST0091839,2025-10-04 00:00:00+00:00,18.55,account_takeover,9,0.8857889175415039,1
CUST0092185,2025-09-12 01:47:07+00:00,20.76,money_laundering_ring,9,0.33124956488609314,1
CUST0092245,2025-05-17 19:23:37+00:00,9.82,geo_anomaly,6,0.31156066060066223,1
CUST0092302,2025-09-08 19:04:18+00:00,11.95,geo_anomaly,3,0.29387468099594116,1
CUST0092440,2024-12-12 20:50:45+00:00,1.41,card_testing,3,0.9383720755577087,1
CUST0092462,2025-08-15 13:31:12+00:00,2.93,card_testing,13,0.9984742999076843,1
CUST0092658,2025-03-12 18:35:09+00:00,1.67,card_testing,5,0.998805046081543,1
CUST0092751,2025-10-08 02:14:01+00:00,1.75,card_testing,11,0.9988489747047424,1
CUST0092827,2025-07-27 12:09:30+00:00,16.05,money_laundering_ring,9,0.31940218806266785,1
CUST0092908,2025-01-28 05:17:42+00:00,4.14,money_laundering_ring,2,0.4936707615852356,1
CUST0093053,2025-07-17 12:47:03+00:00,18.22,geo_anomaly,5,0.3022078275680542,1
CUST0093094,2025-08-12 19:17:44+00:00,1.69,card_testing,7,0.9989694952964783,1
CUST0093298,2025-10-02 11:20:37+00:00,1.88,card_testing,8,0.9988643527030945,1
CUST0093382,2025-09-27 17:38:08+00:00,6.82,geo_anomaly,10,0.30296796560287476,1
CUST0093394,2025-08-16 22:02:29+00:00,2.36,card_testing,10,0.9990249276161194,1
CUST0093519,2025-06-25 18:11:20+00:00,27.29,geo_anomaly,4,0.30441567301750183,1
CUST0093535,2025-07-26 19:05:36+00:00,7.35,geo_anomaly,5,0.29676613211631775,1
CUST0093795,2025-10-06 02:28:31+00:00,48.53,geo_anomaly,14,0.29018843173980713,1
CUST0093862,2025-01-20 11:11:39+00:00,1.38,card_testing,6,0.9984219670295715,1
CUST0093914,2025-04-04 12:29:43+00:00,1.03,card_testing,6,0.998164713382721,1
CUST0093946,2024-12-30 16:20:53+00:00,11.55,geo_anomaly,3,0.30556178092956543,1
CUST0093960,2025-08-21 01:21:49+00:00,1.38,card_testing,13,0.9990588426589966,1
CUST0094001,2025-03-29 21:30:23+00:00,1.18,card_testing,6,0.9939948320388794,1
CUST0094056,2025-09-08 16:03:05+00:00,38.37,money_laundering_ring,8,0.2997613251209259,1
CUST0094159,2025-01-17 09:27:53+00:00,37.79,geo_anomaly,5,0.30772849917411804,1
CUST0094178,2025-05-29 16:55:02+00:00,2.18,card_testing,8,0.9977579712867737,1
CUST0094196,2025-02-01 16:05:56+00:00,2.19,card_testing,1,0.9947569966316223,1
CUST0094222,2025-09-09 05:19:07+00:00,3.0,card_testing,6,0.9990190267562866,1
CUST0094236,2025-08-03 09:06:53+00:00,5.94,geo_anomaly,4,0.2990860342979431,1
CUST0094320,2025-04-19 20:28:51+00:00,22.16,geo_anomaly,2,0.30060693621635437,1
CUST0094331,2025-10-05 14:57:30+00:00,3.13,card_testing,11,0.9990534782409668,1
CUST0094346,2025-08-08 08:35:37+00:00,3.02,card_testing,12,0.9967444539070129,1
CUST0094464,2025-07-15 22:46:43+00:00,22.83,geo_anomaly,7,0.9838863015174866,1
CUST0094474,2025-01-08 20:20:51+00:00,1.26,card_testing,2,0.9968658685684204,1
CUST0094486,2025-07-04 18:54:16+00:00,29.03,money_laundering_ring,5,0.3227274715900421,1
CUST0094568,2025-01-12 18:00:45+00:00,2.35,card_testing,1,0.6795791983604431,1
CUST0094622,2025-06-25 02:48:24+00:00,1.0,card_testing,8,0.9990034699440002,1
CUST0094666,2025-04-08 12:49:57+00:00,2.42,card_testing,7,0.9963008165359497,1
CUST0094833,2025-03-19 11:16:39+00:00,13.79,geo_anomaly,4,0.30848264694213867,1
CUST0094876,2025-07-29 23:27:13+00:00,1.47,card_testing,8,0.9990163445472717,1
CUST0094977,2025-03-03 17:26:04+00:00,1.44,card_testing,2,0.9334257245063782,1
CUST0095008,2025-09-08 22:29:01+00:00,55.7,geo_anomaly,6,0.2997997999191284,1
CUST0095279,2025-05-23 08:12:39+00:00,2.3,card_testing,6,0.9895099997520447,1
CUST0095391,2025-03-20 14:08:15+00:00,1.56,card_testing,3,0.9990441799163818,1
CUST0095535,2025-01-12 17:38:11+00:00,40.17,geo_anomaly,1,0.31052011251449585,1
CUST0095592,2025-08-24 18:14:45+00:00,1.05,card_testing,12,0.9989645481109619,1
CUST0095620,2025-03-13 04:58:38+00:00,1.0,card_testing,1,0.997574508190155,1
CUST0095754,2025-03-29 01:01:55+00:00,2.71,card_testing,6,0.9989635348320007,1
CUST0095756,2025-09-21 22:17:15+00:00,49.4,geo_anomaly,9,0.2964107394218445,1
CUST0095913,2025-06-03 01:06:54+00:00,1.08,card_testing,8,0.9972107410430908,1
CUST0096266,2025-04-26 02:44:28+00:00,1.52,card_testing,7,0.9990429878234863,1
CUST0096268,2025-02-03 10:30:43+00:00,2.13,card_testing,2,0.9307019114494324,1
CUST0096325,2025-02-07 04:24:23+00:00,1.91,card_testing,1,0.9148193597793579,1
CUST0096353,2025-07-22 15:22:45+00:00,1.5,card_testing,9,0.99876469373703,1
CUST0096378,2025-01-06 20:06:26+00:00,2.54,card_testing,3,0.9982789158821106,1
CUST0096541,2025-06-23 11:01:01+00:00,44.4,geo_anomaly,6,0.2969902455806732,1
CUST0096571,2025-02-04 19:20:26+00:00,1.22,card_testing,3,0.9987071752548218,1
CUST0096629,2025-09-07 10:46:46+00:00,29.54,money_laundering_ring,8,0.3089871108531952,1
CUST0096653,2025-06-07 00:29:21+00:00,2.0,card_testing,4,0.9986108541488647,1
CUST0096798,2025-09-24 12:18:46+00:00,2.13,card_testing,11,0.9986965656280518,1
CUST0096827,2025-03-18 15:59:59+00:00,2.28,card_testing,1,0.9989802837371826,1
CUST0096908,2025-06-04 05:20:27+00:00,1.75,card_testing,8,0.9990577697753906,1
CUST0097045,2025-09-01 03:45:01+00:00,1.46,card_testing,9,0.9990562796592712,1
CUST0097080,2025-08-14 01:25:23+00:00,1.59,card_testing,16,0.9989501237869263,1
CUST0097242,2025-08-10 00:20:14+00:00,1.56,card_testing,7,0.9988945722579956,1
CUST0097283,2025-03-19 17:23:46+00:00,3.18,card_testing,2,0.9990300536155701,1
CUST0097491,2025-06-05 03:15:45+00:00,2.09,card_testing,3,0.9990494847297668,1
CUST0097567,2025-06-14 10:00:34+00:00,1.66,card_testing,9,0.9988335967063904,1
CUST0097619,2025-01-02 14:54:05+00:00,1.7,card_testing,1,0.9987583756446838,1
CUST0097642,2025-06-03 08:54:34+00:00,1.61,card_testing,7,0.9989603161811829,1
CUST0097719,2024-12-04 02:29:27+00:00,47.39,geo_anomaly,1,0.3156402111053467,1
CUST0097751,2025-03-28 08:15:15+00:00,17.38,geo_anomaly,3,0.3065185248851776,1
CUST0097819,2025-05-31 15:58:03+00:00,6.26,geo_anomaly,11,0.2890147268772125,1
CUST0097824,2025-04-13 09:21:50+00:00,15.67,geo_anomaly,5,0.3297770321369171,1
CUST0097852,2024-12-29 19:26:35+00:00,1.72,card_testing,1,0.9981468319892883,1
CUST0097891,2025-03-02 06:46:51+00:00,1.25,card_testing,4,0.9828264713287354,1
CUST0098102,2025-05-11 23:07:39+00:00,1.34,card_testing,3,0.9989578723907471,1
CUST0098204,2025-02-14 07:46:03+00:00,2.37,card_testing,4,0.9958482384681702,1
CUST0098225,2025-01-02 09:57:05+00:00,17.97,geo_anomaly,4,0.3042397201061249,1
CUST0098299,2025-09-25 17:47:07+00:00,35.24,geo_anomaly,8,0.2955290973186493,1
CUST0098382,2025-02-17 13:13:03+00:00,1.0,card_testing,4,0.9984443187713623,1
CUST0098514,2025-07-25 09:30:16+00:00,28.36,geo_anomaly,4,0.33185210824012756,1
CUST0098558,2025-06-27 22:06:00+00:00,10.22,geo_anomaly,8,0.297936350107193,1
CUST0098589,2025-08-23 20:11:28+00:00,6.46,geo_anomaly,6,0.3029017746448517,1
CUST0098833,2025-09-01 18:22:31+00:00,1.37,card_testing,8,0.9989470839500427,1
CUST0098962,2025-01-16 23:22:07+00:00,37.1,geo_anomaly,3,0.304549902677536,1
CUST0098998,2025-06-30 18:52:06+00:00,2.25,card_testing,5,0.9982795119285583,1
CUST0099038,2025-08-10 00:54:22+00:00,1.81,card_testing,11,0.9990528225898743,1
CUST0099127,2025-06-14 02:05:39+00:00,4.35,geo_anomaly,4,0.3024260103702545,1
CUST0099259,2025-04-29 08:02:30+00:00,1.82,card_testing,2,0.9989868402481079,1
CUST0099299,2025-06-12 08:01:44+00:00,1.63,card_testing,9,0.9990500807762146,1
CUST0099309,2025-09-06 10:05:55+00:00,87.68,geo_anomaly,13,0.2925367057323456,1
CUST0099339,2025-02-15 14:21:13+00:00,222.89,account_takeover,2,0.8930782675743103,1
CUST0099339,2025-05-21 17:02:07+00:00,56.28,account_takeover,4,0.9982896447181702,1
CUST0099339,2025-07-24 03:06:13+00:00,95.15,account_takeover,7,0.9986128807067871,1
CUST0099339,2025-09-06 08:07:47+00:00,204.36,account_takeover,8,0.9990215301513672,1
CUST0099365,2025-07-10 06:53:51+00:00,9.36,geo_anomaly,4,0.552311897277832,1
CUST0099387,2025-10-01 18:58:18+00:00,1.03,card_testing,11,0.9988519549369812,1
CUST0099423,2025-06-29 00:08:02+00:00,1.25,card_testing,6,0.9990277886390686,1
CUST0099502,2025-06-10 09:48:06+00:00,14.15,geo_anomaly,7,0.30186396837234497,1
CUST0099600,2025-02-17 04:45:44+00:00,20.57,account_takeover,2,0.3583371341228485,1
CUST0099600,2025-04-30 12:45:08+00:00,28.97,account_takeover,4,0.6385557651519775,1
CUST0099600,2025-05-04 22:52:30+00:00,16.62,account_takeover,5,0.9970995783805847,1
CUST0099961,2025-02-09 13:00:36+00:00,2.02,card_testing,5,0.990766167640686,1
